Date & Time,Temp(?C),Salinity(psu),Conduct(mS/cm),Sound Velocity(m/sec)
43047.58,24.55,15.41,25.08,1511.89
43047.63,24.43,20.63,32.63,1517.27
43047.67,24.99,20.01,32.09,1518.01
43047.71,25.02,19.99,32.09,1518.07
43047.75,25.07,19.85,31.92,1518.06
43047.79,25.05,19.51,31.4,1517.62
43047.83,24.99,19.42,31.24,1517.38
43047.88,24.93,15.86,25.95,1513.37
43047.92,24.87,15.22,24.96,1512.53
43047.96,24.84,16.75,27.22,1514.11
43048,24.58,14.04,23.05,1510.48
43048.04,24.46,11.9,19.76,1507.85
43048.08,24.58,13.79,22.67,1510.21
43048.13,24.46,14.44,23.59,1510.61
43048.17,24.32,16.95,27.22,1512.96
43048.21,24.26,19.07,30.27,1515.12
43048.25,24.11,20.28,31.93,1516.07
43048.29,24.09,20.18,31.76,1515.88
43048.33,24.14,19.74,31.17,1515.55
43048.38,24.32,18.04,28.82,1514.16
43048.42,24.09,14.46,23.44,1509.63
43048.46,24.23,13.75,22.45,1509.24
43048.5,24.64,14.05,23.09,1510.65
43048.54,24.81,14.49,23.84,1511.58
43048.58,24.9,16.68,27.15,1514.18
43048.62,25.07,16.48,26.95,1514.42
43048.67,25.13,16.86,27.55,1514.98
43048.71,24.81,19.91,31.83,1517.46
43048.75,24.87,20.12,32.18,1517.84
43048.79,24.84,20.19,32.27,1517.85
43048.83,24.9,18.52,29.87,1516.18
43048.87,24.87,19.25,30.91,1516.89
43048.92,24.75,16.69,27.09,1513.82
43048.96,24.78,17.61,28.46,1514.89
43049,24.03,16.57,26.52,1511.79
43049.04,23.71,16.35,26.03,1510.69
43049.08,23.53,16.54,26.21,1510.44
43049.12,23.5,15.86,25.21,1509.61
43049.17,23.33,16.16,25.56,1509.47
43049.21,23.01,15.42,24.33,1507.79
43049.25,22.8,14.82,23.36,1506.56
43049.29,22.54,14.61,22.93,1505.61
43049.33,22.16,15.4,23.87,1505.43
43049.37,21.78,15.22,23.42,1504.16
43049.42,21.69,15.18,23.32,1503.87
43049.46,21.26,15.13,23.04,1502.56
43049.5,21.87,14.45,22.39,1503.55
43049.54,22.57,14.25,22.42,1505.29
43049.58,23.12,14.29,22.74,1506.85
43049.62,23.1,14.36,22.83,1506.85
43049.67,23.04,14.32,22.74,1506.64
43049.71,22.95,14.25,22.6,1506.33
43049.75,23.04,15.6,24.6,1508.06
43049.79,22.89,16.53,25.86,1508.7
43049.83,22.83,17.17,26.73,1509.24
43049.87,22.69,17.22,26.73,1508.9
43049.92,22.6,17.4,26.92,1508.85
43049.96,22.22,16.26,25.11,1506.54
43050,21.87,16.19,24.83,1505.49
43050.04,21.78,16.51,25.23,1505.6
43050.08,21.43,16.24,24.68,1504.31
43050.12,21.05,14.87,22.58,1501.68
43050.17,20.88,15.4,23.24,1501.78
43050.21,20.41,16.52,24.53,1501.68
43050.25,21.02,18.15,27.08,1505.29
43050.29,21.14,20.04,29.7,1507.74
43050.33,21.05,20.73,30.57,1508.27
43050.37,21.08,20.53,30.33,1508.13
43050.42,19.94,17.92,26.15,1501.89
43050.46,19.91,16.89,24.75,1500.63
43050.5,20.88,17.84,26.57,1504.52
43050.54,21.31,17.7,26.62,1505.61
43050.58,22.25,17.73,27.19,1508.26
43050.62,23.01,17.99,27.99,1510.62
43050.67,22.1,17.79,27.19,1507.92
43050.71,22.13,17.09,26.24,1507.23
43050.75,21.72,17.12,26.06,1506.12
43050.79,21.69,17.68,26.81,1506.66
43050.83,21.61,17.95,27.13,1506.72
43050.87,21.52,17.7,26.75,1506.2
43050.92,21.46,17.73,26.75,1506.06
43050.96,21.31,17.93,26.94,1505.87
43051,21.2,17.84,26.75,1505.44
43051.04,21.08,17.48,26.19,1504.7
43051.08,20.99,17.42,26.07,1504.39
43051.12,20.73,17.27,25.71,1503.46
43051.17,20.61,17.36,25.78,1503.22
43051.21,20.73,17.1,25.48,1503.26
43051.25,20.61,17.41,25.83,1503.27
43051.29,20.67,18.6,27.48,1504.79
43051.33,20.58,19,27.96,1504.99
43051.37,20.32,18.51,27.16,1503.67
43051.42,20.58,20.19,29.56,1506.34
43051.46,20.55,19.54,28.67,1505.51
43051.5,20.93,18.44,27.41,1505.36
43051.54,21.49,18.19,27.4,1506.66
43051.58,21.58,18.11,27.33,1506.81
43051.62,22.07,18.28,27.87,1508.4
43051.67,22.45,18.89,28.93,1510.11
43051.71,21.96,18.59,28.22,1508.41
43051.75,22.19,18.28,27.93,1508.72
43051.79,21.72,19.21,28.94,1508.46
43051.83,21.55,19.68,29.46,1508.49
43051.87,21.4,20.79,30.88,1509.33
43051.92,21.31,21.46,31.72,1509.83
43051.96,21.29,21.54,31.81,1509.84
43052,21.34,21.38,31.64,1509.83
43052.04,21.31,21.4,31.64,1509.76
43052.08,21.31,20.72,30.72,1509
43052.12,21.34,19.39,28.95,1507.59
43052.17,21.17,18.89,28.16,1506.53
43052.21,21.11,19.94,29.55,1507.55
43052.25,20.88,19.88,29.33,1506.82
43052.29,20.93,20.2,29.78,1507.34
43052.33,20.82,19.58,28.88,1506.31
43052.37,20.73,19.95,29.33,1506.48
43052.42,20.88,20.69,30.41,1507.73
43052.46,20.93,21.98,32.16,1509.35
43052.5,20.99,22.22,32.51,1509.78
43052.54,21.17,21.6,31.81,1509.58
43052.58,21.96,20.76,31.2,1510.84
43052.62,22.89,20.99,32.12,1513.62
43052.67,23.04,21.04,32.3,1514.07
43052.71,23.07,20.65,31.77,1513.72
43052.75,22.69,20.53,31.36,1512.57
43052.79,22.66,19.67,30.14,1511.53
43052.83,22.57,19.71,30.14,1511.34
43052.87,22.31,19.89,30.22,1510.82
43052.92,22.1,20.69,31.2,1511.16
43052.96,21.96,21.13,31.71,1511.25
43053,21.81,21.33,31.88,1511.07
43053.04,21.64,21.3,31.72,1510.54
43053.08,21.52,20.86,31.05,1509.73
43053.12,20.93,20.55,30.25,1507.73
43053.17,20.61,20.77,30.34,1507.06
43053.21,20.55,20.79,30.34,1506.93
43053.25,19.99,20.9,30.11,1505.44
43053.29,20.26,18.15,26.64,1503.1
43053.33,20.08,18.57,27.1,1503.05
43053.37,20.02,19.26,27.97,1503.66
43053.42,20.2,20.97,30.34,1506.12
43053.46,20.32,21.59,31.24,1507.16
43053.5,20.41,21.93,31.74,1507.8
43053.54,20.49,22.22,32.17,1508.37
43053.58,20.7,22.17,32.26,1508.9
43053.62,21.31,21.52,31.81,1509.9
43053.67,21.84,21.45,32.06,1511.28
43053.71,22.02,21.49,32.23,1511.8
43053.75,21.81,21.46,32.06,1511.21
43053.79,21.34,21.32,31.55,1509.75
43053.83,21.08,19.51,28.95,1506.98
43053.87,20.99,19.83,29.32,1507.09
43053.92,20.7,20.25,29.71,1506.74
43053.96,20.55,20.98,30.58,1507.14
43054,20.38,21.76,31.49,1507.51
43054.04,20.14,21.5,30.99,1506.54
43054.08,19.67,21.12,30.2,1504.75
43054.12,19.32,20.89,29.66,1503.44
43054.17,18.58,20.8,29.07,1501.13
43054.21,17.89,20.75,28.58,1499
43054.25,17.5,20.72,28.3,1497.77
43054.29,17.83,20.72,28.51,1498.79
43054.33,16.64,19.31,26.02,1493.39
43054.37,17.03,19.77,26.83,1495.17
43054.42,16.79,19.79,26.7,1494.43
43054.46,17.48,20.18,27.61,1497.05
43054.5,17.62,20.16,27.67,1497.49
43054.54,17.92,20.39,28.15,1498.68
43054.58,18.04,20.5,28.36,1499.17
43054.62,18.16,20.22,28.08,1499.21
43054.67,18.69,20,28.14,1500.58
43054.71,19.49,19.78,28.33,1502.7
43054.75,19.29,19.61,27.99,1501.89
43054.79,19.38,19.35,27.71,1501.87
43054.83,18.78,19.02,26.92,1499.72
43054.87,18.69,19.26,27.19,1499.73
43054.92,18.72,19.15,27.06,1499.69
43054.96,18.58,19.79,27.79,1499.98
43055,18.72,20.21,28.42,1500.91
43055.04,18.75,20.48,28.78,1501.3
43055.08,18.75,20.53,28.85,1501.37
43055.12,18.72,20.55,28.85,1501.29
43055.17,17.36,19.55,26.76,1495.95
43055.21,17.36,19.2,26.32,1495.54
43055.25,17.03,18.68,25.48,1493.91
43055.29,16.61,18.61,25.14,1492.48
43055.33,16.27,18.58,24.92,1491.39
43055.37,16.7,17.98,24.42,1492.04
43055.42,16.88,18.16,24.75,1492.82
43055.46,17.56,19.35,26.63,1496.37
43055.5,18.04,20.44,28.29,1499.1
43055.54,18.07,20.88,28.86,1499.7
43055.58,18.22,21.04,29.15,1500.34
43055.62,18.25,21.14,29.3,1500.55
43055.67,18.4,21.18,29.45,1501.04
43055.71,18.93,20.56,28.99,1501.93
43055.75,18.93,20.05,28.34,1501.35
43055.79,18.81,19.78,27.93,1500.68
43055.83,18.64,19.55,27.52,1499.88
43055.87,18.81,19.84,27.99,1500.74
43055.92,18.64,20.14,28.28,1500.56
43055.96,18.64,21.36,29.83,1501.96
43056,18.81,22.27,31.1,1503.54
43056.04,18.72,22.72,31.61,1503.79
43056.08,18.43,22.75,31.45,1502.94
43056.12,18.75,22.98,31.95,1504.17
43056.17,17.5,22.29,30.24,1499.6
43056.21,17.62,21.78,29.69,1499.38
43056.25,17.36,21.26,28.88,1497.94
43056.29,17.06,21.07,28.45,1496.78
43056.33,16.39,20.69,27.56,1494.24
43056.37,16.61,19.98,26.83,1494.09
43056.42,17.03,19.93,27.02,1495.36
43056.46,17.62,20.16,27.67,1497.49
43056.5,18.46,21.09,29.37,1501.12
43056.54,18.64,21.61,30.14,1502.24
43056.58,18.78,22.03,30.78,1503.17
43056.62,18.87,22.24,31.1,1503.68
43056.67,18.99,22.18,31.1,1503.96
43056.71,20.26,20.94,30.34,1506.26
43056.75,19.46,21.17,30.12,1504.2
43056.79,19.79,21,30.12,1504.96
43056.83,19.26,20.86,29.59,1503.24
43056.87,19.08,20.65,29.21,1502.48
43056.92,18.78,20.4,28.7,1501.31
43056.96,18.81,20.33,28.63,1501.31
43057,18.9,20.4,28.77,1501.66
43057.04,19.05,20.61,29.14,1502.34
43057.08,18.99,20.7,29.21,1502.27
43057.12,18.96,20.71,29.21,1502.19
43057.17,18.9,20.63,29.07,1501.92
43057.21,18.31,20.03,27.94,1499.45
43057.25,18.19,19.66,27.39,1498.66
43057.29,17.98,19.4,26.94,1497.72
43057.33,17.53,19.21,26.44,1496.12
43057.37,17.3,19.08,26.13,1495.22
43057.42,17.39,19.04,26.13,1495.45
43057.46,17.89,19.19,26.62,1497.2
43057.5,19.08,20.03,28.41,1501.77
43057.54,19.52,20.66,29.5,1503.8
43057.58,19.55,21.18,30.2,1504.48
43057.62,19.61,21.46,30.6,1504.97
43057.67,19.67,21.68,30.92,1505.39
43057.71,19.91,21.81,31.25,1506.22
43057.75,20.17,21.8,31.41,1506.97
43057.79,20.08,21.85,31.41,1506.77
43057.83,19.94,21.6,31,1506.07
43057.87,19.76,21.63,30.92,1505.59
43057.92,19.73,21.65,30.92,1505.53
43057.96,19.85,21.65,31,1505.87
43058,19.85,21.71,31.08,1505.94
43058.04,19.82,21.86,31.25,1506.02
43058.08,19.79,22,31.42,1506.1
43058.12,19.79,22.13,31.59,1506.25
43058.17,19.79,22.2,31.67,1506.32
43058.21,19.73,22.23,31.67,1506.19
43058.25,19.7,22.25,31.67,1506.12
43058.29,19.64,22.15,31.5,1505.83
43058.33,19.55,21.94,31.17,1505.33
43058.37,19.52,21.63,30.76,1504.9
43058.42,19.4,21.2,30.12,1504.06
43058.46,19.58,21.23,30.28,1504.62
43058.5,19.73,21.28,30.43,1505.1
43058.54,19.91,21.25,30.51,1505.58
43058.58,20.17,21.17,30.59,1506.26
43058.62,20.32,21.16,30.66,1506.67
43058.67,20.61,21.19,30.9,1507.55
43058.71,20.64,21.11,30.82,1507.54
43058.75,20.82,21.09,30.9,1508.01
43058.79,20.82,20.78,30.49,1507.67
43058.83,20.35,20.25,29.49,1505.73
43058.87,19.96,19.5,28.25,1503.76
43058.92,19.7,19.1,27.57,1502.53
43058.96,19.52,19.13,27.5,1502.05
43059,19.2,18.92,27.05,1500.85
43059.04,19.11,18.52,26.47,1500.13
43059.08,18.72,18.04,25.63,1498.42
43059.12,18.46,17.46,24.72,1496.93
43059.17,18.61,17.31,24.61,1497.21
43059.21,18.28,17.36,24.51,1496.28
43059.25,17.8,17.36,24.25,1494.81
43059.29,16.61,17.16,23.35,1490.79
43059.33,15.24,16.84,22.25,1485.96
43059.37,15.12,16.44,21.7,1485.08
43059.42,15.33,16.11,21.41,1485.4
43059.46,16.82,16.43,22.55,1490.61
43059.5,16.76,16.67,22.82,1490.7
43059.54,16.97,17.16,23.54,1491.94
43059.58,17.8,17.53,24.46,1495
43059.62,18.13,17.68,24.84,1496.19
43059.67,18.13,17.6,24.73,1496.09
43059.71,18.28,17.53,24.73,1496.48
43059.75,18.75,17.63,25.11,1498.03
43059.79,18.78,17.7,25.22,1498.21
43059.83,18.81,17.78,25.34,1498.38
43059.87,18.58,17.84,25.28,1497.73
43059.92,18.43,17.95,25.34,1497.41
43059.96,18.25,17.98,25.29,1496.9
43060,18.25,18.03,25.35,1496.96
43060.04,17.95,18.07,25.24,1496.09
43060.08,18.07,18.2,25.46,1496.6
43060.12,18.07,18.38,25.7,1496.82
43060.17,18.1,18.51,25.88,1497.06
43060.21,18.1,18.65,26.06,1497.22
43060.25,17.71,18.74,25.94,1496.12
43060.29,17.59,18.7,25.83,1495.71
43060.33,17.42,18.6,25.59,1495.03
43060.37,17.33,18.45,25.36,1494.58
43060.42,17.36,18.39,25.3,1494.6
43060.46,17.74,18.4,25.53,1495.82
43060.5,17.5,18.41,25.42,1495.1
43060.54,17.77,18.38,25.53,1495.9
43060.58,17.98,18.47,25.76,1496.64
43060.62,18.01,18.74,26.12,1497.05
43060.67,18.04,19.02,26.49,1497.46
43060.71,18.13,19.28,26.87,1498.03
43060.75,18.16,19.47,27.13,1498.34
43060.79,18.22,19.7,27.46,1498.79
43060.83,18.22,19.86,27.66,1498.98
43060.87,18.28,19.88,27.73,1499.19
43060.92,18.25,19.85,27.66,1499.05
43060.96,18.31,19.76,27.59,1499.14
43061,18.31,19.76,27.59,1499.14
43061.04,18.19,19.72,27.46,1498.72
43061.08,18.22,19.86,27.66,1498.98
43061.12,18.22,20.08,27.94,1499.23
43061.17,18.22,20.3,28.22,1499.48
43061.21,18.22,20.52,28.5,1499.74
43061.25,18.19,20.65,28.64,1499.8
43061.29,18.07,20.71,28.65,1499.5
43061.33,17.95,20.72,28.58,1499.15
43061.37,18.04,20.61,28.5,1499.3
43061.42,18.16,20.49,28.43,1499.53
43061.46,18.49,20.44,28.57,1500.46
43061.5,18.4,20.21,28.21,1499.92
43061.54,18.75,20.14,28.35,1500.91
43061.58,19.11,20.02,28.41,1501.84
43061.62,19.32,19.97,28.48,1502.4
43061.67,19.64,20.2,28.98,1503.62
43061.71,19.64,20.43,29.28,1503.88
43061.75,19.67,20.65,29.58,1504.21
43061.79,19.91,20.7,29.8,1504.96
43061.83,20.08,20.61,29.8,1505.37
43061.87,20.35,20.54,29.87,1506.05
43061.92,20.2,20.32,29.49,1505.39
43061.96,20.26,20.12,29.26,1505.33
43062,20.05,20.06,29.04,1504.65
43062.04,19.91,20.01,28.9,1504.18
43062.08,19.7,20.12,28.9,1503.69
43062.12,19.55,20.36,29.13,1503.54
43062.17,19.46,20.63,29.43,1503.59
43062.21,19.49,20.91,29.81,1504
43062.25,19.43,21.06,29.97,1503.99
43062.29,19.29,21.14,29.97,1503.65
43062.33,19.11,21.11,29.82,1503.09
43062.37,19.02,20.92,29.51,1502.61
43062.42,19.02,20.51,28.99,1502.14
43062.46,18.99,20.19,28.56,1501.68
43062.5,18.96,19.93,28.2,1501.29
43062.54,19.17,19.5,27.78,1501.43
43062.58,19.17,19.14,27.31,1501.01
43062.62,19.2,18.97,27.11,1500.91
43062.67,19.29,18.93,27.11,1501.13
43062.71,19.29,18.78,26.92,1500.95
43062.75,19.29,18.69,26.79,1500.84
43062.79,19.26,18.55,26.6,1500.6
43062.83,19.2,18.48,26.47,1500.35
43062.87,19.05,18.41,26.29,1499.82
43062.92,18.84,18.27,25.99,1499.03
43062.96,18.78,18.2,25.87,1498.78
43063,18.72,18.09,25.69,1498.47
43063.04,18.72,18,25.57,1498.37
43063.08,18.64,17.81,25.28,1497.88
43063.12,18.55,17.59,24.94,1497.36
43063.17,18.43,17.38,24.61,1496.76
43063.21,18.43,17.09,24.24,1496.42
43063.25,18.25,16.85,23.83,1495.59
43063.29,18.19,16.64,23.52,1495.17
43063.33,17.89,16.53,23.23,1494.13
43063.37,17.71,16.53,23.14,1493.57
43063.42,17.65,16.45,23,1493.28
43063.46,17.74,16.37,22.95,1493.47
43063.5,18.52,16.17,23.08,1495.63
43063.54,18.69,15.95,22.89,1495.93
43063.58,18.99,15.91,22.98,1496.78
43063.62,19.29,15.86,23.07,1497.62
43063.67,19.67,15.86,23.26,1498.76
43063.71,19.7,15.92,23.35,1498.92
43063.75,19.88,15.93,23.45,1499.45
43063.79,19.67,15.93,23.35,1498.84
43063.83,19.61,15.99,23.4,1498.74
43063.87,19.49,16.07,23.46,1498.48
43063.92,19.4,16.11,23.46,1498.25
43063.96,19.38,16.12,23.46,1498.18
43064,19.32,16.11,23.41,1497.99
43064.04,18.99,16.16,23.32,1497.07
43064.08,18.84,16.04,23.08,1496.48
43064.12,18.81,15.94,22.93,1496.28
43064.17,18.55,15.87,22.71,1495.38
43064.21,18.4,15.89,22.66,1494.95
43064.25,18.31,16.07,22.85,1494.88
43064.29,18.31,16.18,22.99,1495.01
43064.33,18.31,16.25,23.08,1495.09
43064.37,17.8,16.17,22.72,1493.42
43064.42,17.65,16.05,22.49,1492.82
43064.46,18.1,15.9,22.53,1494.05
43064.5,18.61,15.81,22.66,1495.49
43064.54,18.93,15.72,22.7,1496.38
43064.58,19.17,15.84,22.98,1497.23
43064.62,19.64,16.02,23.45,1498.85
43064.67,20.17,16.15,23.9,1500.57
43064.71,20.11,16.44,24.26,1500.73
43064.75,20.14,17,25.03,1501.44
43064.79,20.11,17.44,25.61,1501.86
43064.83,20.14,17.83,26.15,1502.39
43064.87,20.11,18.12,26.52,1502.63
43064.92,20.08,18.37,26.84,1502.83
43064.96,19.79,18.22,26.46,1501.79
43065,19.52,17.78,25.73,1500.51
43065.04,19.61,17.56,25.5,1500.53
43065.08,19.73,17.34,25.26,1500.62
43065.12,19.85,17.29,25.26,1500.91
43065.17,19.76,17.2,25.09,1500.55
43065.21,19.64,17.12,24.93,1500.11
43065.25,19.76,17.16,25.04,1500.5
43065.29,19.64,17.25,25.09,1500.25
43065.33,19.7,17.31,25.21,1500.5
43065.37,19.67,17.45,25.38,1500.57
43065.42,18.93,17.34,24.83,1498.24
43065.46,18.99,17.02,24.44,1498.05
43065.5,19.26,16.75,24.23,1498.54
43065.54,19.76,16.58,24.27,1499.85
43065.58,20.02,16.4,24.16,1500.42
43065.62,20.55,16.35,24.36,1501.91
43065.67,20.73,16.35,24.47,1502.43
43065.71,20.99,16.49,24.79,1503.34
43065.75,20.96,16.58,24.9,1503.36
43065.79,20.9,16.69,25.02,1503.31
43065.83,20.85,16.71,25.02,1503.17
43065.87,20.61,16.76,24.97,1502.55
43065.92,20.82,16.76,25.07,1503.14
43065.96,20.55,16.87,25.08,1502.5
43066,20.44,16.96,25.14,1502.26
43066.04,20.02,16.96,24.92,1501.06
43066.08,19.55,16.87,24.54,1499.56
43066.12,19.55,16.75,24.38,1499.42
43066.17,19.67,16.7,24.38,1499.72
43066.21,19.29,16.66,24.12,1498.52
43066.25,19.14,16.64,24.02,1498.06
43066.29,18.87,16.67,23.92,1497.29
43066.33,19.17,16.82,24.28,1498.36
43066.37,18.58,17.15,24.4,1496.95
43066.42,18.49,17.32,24.56,1496.86
43066.46,18.37,17.45,24.67,1496.66
43066.5,18.46,17.37,24.61,1496.83
43066.54,18.9,17.26,24.72,1498.06
43066.58,20.05,17.25,25.32,1501.47
43066.62,20.49,17.28,25.6,1502.79
43066.67,20.49,17.11,25.37,1502.59
43066.71,20.29,17.15,25.31,1502.04
43066.75,20.67,17.43,25.89,1503.46
43066.79,20.61,17.86,26.45,1503.78
43066.83,20.38,18.34,26.96,1503.65
43066.87,20.32,18.76,27.49,1503.96
43066.92,20.32,19.02,27.83,1504.24
43066.96,20.26,19.25,28.11,1504.34
43067,20.17,19.4,28.25,1504.25
43067.04,20.02,19.41,28.18,1503.84
43067.08,19.35,19.21,27.51,1501.62
43067.12,18.99,18.92,26.92,1500.23
43067.17,18.72,18.7,26.48,1499.17
43067.21,19.14,18.61,26.6,1500.31
43067.25,18.96,18.45,26.29,1499.6
43067.29,19.08,18.39,26.29,1499.89
43067.33,18.84,18.6,26.42,1499.41
43067.37,18.93,19.25,27.31,1500.43
43067.42,18.78,19.9,28.06,1500.73
43067.46,18.69,20.45,28.71,1501.09
43067.5,18.87,20.88,29.37,1502.12
43067.54,19.2,21.19,29.97,1503.44
43067.58,20.44,21.28,30.9,1507.15
43067.62,20.58,21.02,30.66,1507.27
43067.67,20.67,20.74,30.34,1507.2
43067.71,19.94,20.69,29.8,1505.03
43067.75,20.58,20.48,29.94,1506.66
43067.79,20.49,20.29,29.64,1506.2
43067.83,20.05,20.22,29.27,1504.85
43067.87,19.76,20.43,29.35,1504.22
43067.92,19.61,20.85,29.81,1504.27
43067.96,19.64,21.14,30.2,1504.68
43068,19.64,21.45,30.6,1505.03
43068.04,19.67,21.62,30.84,1505.32
43068.08,19.73,21.78,31.08,1505.67
43068.12,19.76,21.89,31.25,1505.88
43068.17,20.14,21.56,31.08,1506.62
43068.21,20.14,21,30.35,1505.98
43068.25,19.82,20.93,30.04,1504.96
43068.29,19.85,20.62,29.65,1504.69
43068.33,19.79,20.41,29.35,1504.29
43068.37,19.61,20.39,29.2,1503.74
43068.42,19.52,20.6,29.43,1503.73
43068.46,19.58,20.87,29.81,1504.2
43068.5,19.67,21.18,30.28,1504.82
43068.54,19.79,21.43,30.67,1505.45
43068.58,20.14,21.56,31.08,1506.62
43068.62,21.29,21.8,32.16,1510.13
43068.67,22.07,21.78,32.67,1512.29
43068.71,22.37,21.44,32.4,1512.7
43068.75,21.17,21.28,31.39,1509.22
43068.79,21.26,21.24,31.39,1509.42
43068.83,21.23,21.13,31.22,1509.21
43068.87,20.93,21.09,30.98,1508.35
43068.92,20.49,21.25,30.9,1507.28
43068.96,20.41,21.55,31.24,1507.36
43069,20.35,21.77,31.49,1507.45
43069.04,20.41,22,31.83,1507.87
43069.08,20.38,22.15,32,1507.95
43069.12,20.35,22.03,31.83,1507.74
43069.17,20.11,21.83,31.41,1506.84
43069.21,19.73,21.59,30.84,1505.45
43069.25,19.23,21.42,30.29,1503.79
43069.29,19.82,21.17,30.35,1505.24
43069.33,19.85,20.97,30.11,1505.1
43069.37,19.82,20.81,29.88,1504.82
43069.42,19.7,20.93,29.96,1504.62
43069.46,19.76,21.14,30.27,1505.03
43069.5,19.94,21.42,30.75,1505.86
43069.54,20.05,21.73,31.24,1506.56
43069.58,20.2,21.91,31.58,1507.19
43069.62,21.02,22.2,32.51,1509.84
43069.67,21.55,22.12,32.77,1511.22
43069.71,21.84,22.04,32.85,1511.93
43069.75,21.9,21.94,32.76,1511.99
43069.79,21.61,21.7,32.24,1510.91
43069.83,21.14,21.55,31.73,1509.44
43069.87,20.9,21.48,31.48,1508.7
43069.92,20.64,21.49,31.31,1507.97
43069.96,20.32,21.59,31.24,1507.16
43070,20.26,21.82,31.49,1507.25
43070.04,20.38,22.01,31.83,1507.81
43070.08,20.29,22,31.74,1507.53
43070.12,19.94,21.86,31.33,1506.36
43070.17,19.99,21.45,30.83,1506.06
43070.21,20.08,21.09,30.43,1505.92
43070.25,19.76,20.78,29.81,1504.62
43070.29,19.4,20.55,29.28,1503.32
43070.33,19.82,20.34,29.27,1504.29
43070.37,19.88,20.25,29.2,1504.37
43070.42,20.14,20.12,29.19,1504.99
43070.46,20.2,20.1,29.19,1505.13
43070.45903,21.93,24.68,36.47,1515.13
43070.50069,20.41,25.93,36.93,1512.32
43070.54236,20.52,25.86,36.93,1512.57
43070.58403,20.7,25.58,36.71,1512.75
43070.62569,21.14,24.83,36.07,1513.13
43070.66736,21.4,24.21,35.45,1513.16
43070.70903,21.55,23.97,35.24,1513.3
43070.75069,21.52,23.32,34.36,1512.49
43070.79236,21.37,22.49,33.14,1511.15
43070.83403,21.29,22.95,33.69,1511.42
43070.87569,21.2,24.18,35.25,1512.55
43070.91736,20.96,25.18,36.39,1513.03
43070.95903,20.93,24.56,35.56,1512.25
43071.00069,20.96,25.02,36.18,1512.85
43071.04236,20.93,24.8,35.87,1512.52
43071.08403,20.96,24.62,35.66,1512.4
43071.12569,20.7,21.97,31.99,1508.68
43071.16736,20.58,21.52,31.32,1507.83
43071.20903,20.46,21.2,30.82,1507.14
43071.25069,19.88,20.72,29.8,1504.89
43071.29236,19.38,20.62,29.36,1503.31
43071.33403,19.82,21.79,31.16,1505.95
43071.37569,19.99,21.57,31,1506.21
43071.41736,20.46,21.71,31.49,1507.71
43071.45903,20.7,23.42,33.9,1510.31
43071.50069,20.93,24.1,34.96,1511.74
43071.54236,21.2,24.56,35.76,1512.99
43071.58403,21.34,24.55,35.86,1513.38
43071.62569,21.43,24.5,35.86,1513.57
43071.66736,21.4,23.32,34.26,1512.16
43071.70903,21.72,22.64,33.59,1512.29
43071.75069,21.67,22.2,32.95,1511.63
43071.79236,21.69,21.08,31.46,1510.46
43071.83403,21.31,21.85,32.24,1510.27
43071.87569,21.29,22.13,32.6,1510.5
43071.91736,21.29,22.53,33.14,1510.96
43071.95903,21.17,23.02,33.7,1511.17
43072.00069,21.08,23.28,33.98,1511.22
43072.04236,21.11,23.41,34.17,1511.45
43072.08403,21.17,23.37,34.17,1511.57
43072.12569,20.76,21.81,31.82,1508.66
43072.16736,20.64,20.57,30.1,1506.93
43072.20903,20.73,20.47,30.02,1507.07
43072.25069,20.55,19.65,28.81,1505.64
43072.29236,20.32,19.49,28.46,1504.78
43072.33403,20.11,19.43,28.25,1504.11
43072.37569,20.11,19.69,28.61,1504.42
43072.41736,20.49,19.68,28.82,1505.5
43072.45903,20.9,19.7,29.1,1506.7
43072.50069,21.29,21.16,31.3,1509.41
43072.54236,21.49,22.09,32.68,1511.02
43072.58403,21.69,22.45,33.31,1512
43072.62569,21.75,22.42,33.31,1512.12
43072.66736,22.19,21.02,31.71,1511.76
43072.70903,22.25,21.18,31.96,1512.1
43072.75069,22.25,20.44,30.95,1511.28
43072.79236,21.96,19.99,30.15,1509.98
43072.83403,21.9,19.57,29.53,1509.34
43072.87569,21.9,18.97,28.72,1508.68
43072.91736,22.05,19.39,29.38,1509.55
43072.95903,21.99,20.57,30.96,1510.7
43073.00069,21.78,22.07,32.86,1511.81
43073.04236,21.72,22.51,33.41,1512.14
43073.08403,21.67,22.68,33.59,1512.17
43073.12569,21.67,22.61,33.5,1512.09
43073.16736,21.34,21.83,32.24,1510.33
43073.20903,20.99,19.39,28.73,1506.6
43073.25069,20.58,17.92,26.51,1503.77
43073.29236,19.67,16.82,24.54,1499.85
43073.33403,19.08,16.86,24.28,1498.14
43073.37569,18.78,17.02,24.34,1497.43
43073.41736,19.61,18.59,26.85,1501.69
43073.45903,19.67,18.61,26.91,1501.89
43073.50069,20.67,18.11,26.83,1504.24
43073.54236,21.05,19.63,29.1,1507.04
43073.58403,21.17,20.2,29.93,1508
43073.62569,21.26,20.33,30.17,1508.4
43073.66736,21.37,20.21,30.08,1508.6
43073.70903,21.46,20.06,29.93,1508.67
43073.75069,21.55,19.62,29.39,1508.42
43073.79236,21.34,18.91,28.3,1507.05
43073.83403,21.23,18.6,27.81,1506.38
43073.87569,21.31,18.32,27.47,1506.31
43073.91736,21.26,18.54,27.74,1506.39
43073.95903,21.2,19.79,29.4,1507.62
43074.00069,21.05,21.53,31.64,1509.17
43074.04236,20.99,22.02,32.25,1509.55
43074.08403,20.99,22.08,32.34,1509.63
43074.12569,21.02,22.27,32.6,1509.92
43074.16736,21.02,22.4,32.78,1510.07
43074.20903,20.73,22.02,32.08,1508.82
43074.25069,20.61,21.63,31.48,1508.04
43074.29236,20.38,20.82,30.26,1506.46
43074.33403,19.76,20.14,28.98,1503.9
43074.37569,19.58,19.62,28.19,1502.79
43074.41736,20.14,19.36,28.18,1504.12
43074.45903,20.58,19.15,28.17,1505.16
43074.50069,20.76,18.81,27.82,1505.28
43074.54236,21.2,19.03,28.37,1506.77
43074.58403,21.61,20.75,30.96,1509.85
43074.62569,21.75,21.56,32.15,1511.16
43074.66736,21.81,21.85,32.59,1511.65
43074.70903,21.9,21.94,32.76,1511.99
43074.75069,21.9,21.94,32.76,1511.99
43074.79236,21.87,21.43,32.06,1511.34
43074.83403,21.84,20.82,31.21,1510.58
43074.87569,21.87,20.27,30.47,1510.04
43074.91736,21.96,20.46,30.79,1510.5
43074.95903,21.93,20.48,30.79,1510.43
43075.00069,21.69,20.95,31.29,1510.32
43075.04236,21.58,21.65,32.15,1510.77
43075.08403,21.55,22.06,32.68,1511.15
43075.12569,21.52,22.34,33.04,1511.39
43075.16736,21.52,22.41,33.13,1511.46
43075.20903,21.26,22.28,32.78,1510.59
43075.25069,21.37,22.08,32.59,1510.69
43075.29236,21.26,21.81,32.16,1510.06
43075.33403,21.2,21.33,31.47,1509.36
43075.37569,21.29,20.61,30.56,1508.8
43075.41736,21.96,20.17,30.39,1510.17
43075.45903,21.61,19.54,29.31,1508.5
43075.50069,22.07,19.43,29.45,1509.67
43075.54236,22.1,19.42,29.45,1509.74
43075.58403,22.4,19.62,29.91,1510.76
43075.62569,22.54,19.95,30.46,1511.53
43075.66736,22.57,20.29,30.94,1511.98
43075.70903,22.63,20.14,30.78,1511.98
43075.75069,22.6,20.39,31.11,1512.18
43075.79236,22.54,21.03,31.96,1512.73
43075.83403,22.19,20.96,31.62,1511.69
43075.87569,21.52,20.8,30.96,1509.66
43075.91736,20.73,20.53,30.1,1507.13
43075.95903,21.67,19.68,29.54,1508.81
43076.00069,21.14,19.98,29.62,1507.68
43076.04236,21.05,20.43,30.17,1507.93
43076.08403,21.05,20.97,30.89,1508.54
43076.12569,20.85,21.45,31.39,1508.5
43076.16736,20.79,21.8,31.82,1508.73
43076.20903,20.61,21.7,31.57,1508.12
43076.25069,19.88,21.32,30.59,1505.58
43076.29236,19.49,21.21,30.2,1504.34
43076.33403,18.46,20.92,29.15,1500.91
43076.37569,18.01,20.74,28.65,1499.36
43076.41736,17.71,20.5,28.15,1498.16
43076.45903,17.65,20.36,27.95,1497.82
43076.50069,18.31,20.36,28.35,1499.83
43076.54236,18.16,20.05,27.87,1499.02
43076.58403,18.01,19.54,27.13,1497.97
43076.62569,18.31,19.5,27.26,1498.83
43076.66736,18.37,19.47,27.26,1498.98
43076.70903,18.28,19.11,26.74,1498.29
43076.75069,18.1,18.89,26.37,1497.5
43076.79236,17.83,18.92,26.25,1496.71
43076.83403,17.48,18.9,26.01,1495.57
43076.87569,17.06,18.91,25.78,1494.26
43076.91736,16.97,18.9,25.72,1493.97
43076.95903,16.7,18.52,25.09,1492.66
43077.00069,16.79,18.03,24.53,1492.38
43077.04236,16.52,17.73,24.01,1491.16
43077.08403,16.7,17.08,23.3,1490.98
43077.12569,16.76,16.45,22.55,1490.44
43077.16736,17,18.2,24.86,1493.24
43077.20903,17.33,19.27,26.38,1495.53
43077.25069,17.36,20.3,27.68,1496.82
43077.29236,16.42,19.46,26.09,1492.9
43077.33403,16,18.22,24.33,1490.08
43077.37569,16.33,17.77,23.96,1490.62
43077.41736,15.7,16.9,22.56,1487.54
43077.45903,15.61,16.44,21.95,1486.69
43077.50069,15.49,16.18,21.57,1485.99
43077.54236,15.4,16.32,21.7,1485.85
43077.58403,15.82,16.42,22.03,1487.37
43077.62569,16.33,17.32,23.4,1490.1
43077.66736,16.27,18.63,24.98,1491.44
43077.70903,16.24,18.97,25.38,1491.74
43077.75069,16.15,19.45,25.91,1492.01
43077.79236,16.06,19.59,26.03,1491.89
43077.83403,15.79,19.09,25.27,1490.42
43077.87569,15.58,18.82,24.82,1489.41
43077.91736,15.3,18.46,24.23,1488.08
43077.95903,15.06,17.9,23.42,1486.6
43078.00069,15,17.52,22.94,1485.95
43078.04236,14.78,17.35,22.62,1485.03
43078.08403,14.78,16.65,21.79,1484.2
43078.12569,14.66,15.72,20.61,1482.68
43078.16736,14.51,14.94,19.61,1481.24
43078.20903,14.48,14.2,18.69,1480.24
43078.25069,14.29,13.85,18.2,1479.2
43078.29236,14.35,13.43,17.71,1478.91
43078.33403,14.23,13.06,17.22,1478.05
43078.37569,14.08,12.97,17.04,1477.4
43078.41736,13.95,12.99,17.02,1477
43078.45903,14.02,12.69,16.68,1476.85
43078.50069,13.92,12.26,16.11,1476.01
43078.54236,13.95,11.85,15.64,1475.63
43078.58403,13.92,11.67,15.41,1475.31
43078.62569,13.77,11.72,15.41,1474.83
43078.66736,13.49,12.29,15.99,1474.53
43078.70903,13.36,12.45,16.14,1474.29
43078.75069,13.15,12.36,15.94,1473.4
43078.79236,13.02,12.22,15.73,1472.79
43078.83403,12.77,12.01,15.38,1471.63
43078.87569,12.74,12.09,15.46,1471.62
43078.91736,12.36,12.27,15.53,1470.47
43078.95903,12.11,12.29,15.47,1469.59
43079.00069,12.08,11.84,14.93,1468.92
43079.04236,11.79,11.78,14.76,1467.8
43079.08403,11.57,11.54,14.4,1466.69
43079.12569,11.31,11.38,14.12,1465.54
43079.16736,10.96,11.36,13.97,1464.19
43079.20903,10.86,11.2,13.76,1463.63
43079.25069,10.6,10.76,13.18,1462.12
43079.29236,10.48,10.46,12.79,1461.25
43079.33403,10.38,10.21,12.48,1460.57
43079.37569,10.02,10.19,12.35,1459.18
43079.41736,9.49,10.43,12.44,1457.43
43079.45903,9.82,10.66,12.81,1459.01
43079.50069,10.41,10.8,13.15,1461.43
43079.54236,11.86,10.65,13.47,1466.66
43079.58403,12.52,10.21,13.17,1468.56
43079.62569,12.74,9.81,12.75,1468.86
43079.66736,12.68,9.55,12.43,1468.33
43079.70903,13.15,9.3,12.26,1469.71
43079.75069,13.18,9.13,12.06,1469.61
43079.79236,13.24,8.97,11.88,1469.65
43079.83403,13.3,9.03,11.98,1469.95
43079.87569,13.24,9.17,12.12,1469.89
43079.91736,12.96,9.35,12.27,1469.1
43079.95903,13.05,9.43,12.4,1469.54
43080.00069,12.24,9.47,12.19,1466.62
43080.04236,12.01,9.47,12.13,1465.81
43080.08403,11.66,9.46,12.01,1464.51
43080.12569,11.54,9.46,11.98,1464.03
43080.16736,12.83,9.63,12.57,1468.99
43080.20903,11.7,9.79,12.41,1465.03
43080.25069,12.33,9.88,12.71,1467.46
43080.29236,12.65,10.4,13.43,1469.24
43080.33403,12.68,11.09,14.27,1470.19
43080.37569,12.01,11.66,14.7,1468.47
43080.41736,12.05,11.96,15.06,1468.96
43080.45903,11.89,12.11,15.17,1468.55
43080.50069,12.46,12,15.26,1470.49
43080.54236,12.9,11.76,15.13,1471.78
43080.58403,13.58,11.53,15.11,1473.95
43080.62569,13.71,11.37,14.96,1474.19
43080.66736,13.71,11.23,14.79,1474.02
43080.70903,13.58,11.18,14.69,1473.53
43080.75069,14.02,11.26,14.93,1475.13
43080.79236,13.58,11.16,14.66,1473.5
43080.83403,13.61,10.93,14.39,1473.33
43080.87569,13.83,10.94,14.48,1474.11
43080.91736,14.08,11.31,15.02,1475.41
43080.95903,14.11,11.89,15.74,1476.21
43081.00069,14.02,12.33,16.24,1476.42
43081.04236,13.95,12.11,15.95,1475.94
43081.08403,13.74,11.98,15.71,1475.03
43081.12569,13.4,11.77,15.33,1473.57
43081.16736,13.21,11.72,15.21,1472.86
43081.20903,13.11,11.56,14.98,1472.33
43081.25069,12.96,11.42,14.75,1471.59
43081.29236,12.9,11.32,14.61,1471.25
43081.33403,12.58,11.35,14.53,1470.15
43081.37569,12.74,11.41,14.67,1470.8
43081.41736,13.02,11.69,15.1,1472.15
43081.45903,13.05,11.92,15.38,1472.53
43081.50069,13.18,12.11,15.66,1473.21
43081.54236,13.64,12.24,15.99,1475.01
43081.58403,14.78,12.21,16.39,1478.93
43081.62569,15,12.08,16.31,1479.5
43081.66736,15.4,11.84,16.16,1480.55
43081.70903,15.43,11.64,15.92,1480.42
43081.75069,14.94,11.49,15.55,1478.59
43081.79236,14.6,11.39,15.31,1477.32
43081.83403,14.63,11.27,15.17,1477.28
43081.87569,14.48,11.16,14.97,1476.62
43081.91736,14.45,11.12,14.91,1476.47
43081.95903,14.17,11.07,14.76,1475.45
43082.00069,14.11,10.95,14.59,1475.09
43082.04236,13.89,10.76,14.29,1474.11
43082.08403,13.3,10.77,14.1,1472.04
43082.12569,12.58,10.83,13.92,1469.53
43082.16736,12.42,10.67,13.68,1468.77
43082.20903,12.52,10.51,13.52,1468.92
43082.25069,11.98,10.48,13.31,1466.92
43082.29236,11.89,10.47,13.27,1466.56
43082.33403,12.24,10.51,13.42,1467.88
43082.37569,12.42,10.48,13.45,1468.54
43082.41736,12.08,10.45,13.3,1467.23
43082.45903,12.36,10.39,13.32,1468.19
43082.50069,12.58,10.37,13.37,1468.97
43082.54236,13.08,10.34,13.49,1470.74
43082.58403,13.46,10.29,13.56,1472.01
43082.62569,13.89,10.23,13.63,1473.47
43082.66736,13.98,10.14,13.55,1473.69
43082.70903,13.8,10.08,13.41,1472.96
43082.75069,13.61,10.03,13.29,1472.25
43082.79236,13.55,9.96,13.19,1471.95
43082.83403,13.4,9.87,13.04,1471.29
43082.87569,13.36,9.93,13.09,1471.24
43082.91736,13.49,10.03,13.26,1471.82
43082.95903,13.46,10.29,13.56,1472.01
43083.00069,13.43,10.55,13.87,1472.21
43083.04236,13.3,10.64,13.94,1471.89
43083.08403,13.24,10.63,13.9,1471.65
43083.12569,13.18,10.59,13.83,1471.38
43083.16736,12.99,10.52,13.69,1470.63
43083.20903,12.93,10.46,13.6,1470.33
43083.25069,12.74,10.45,13.52,1469.64
43083.29236,12.58,10.47,13.5,1469.1
43083.33403,12.77,10.46,13.54,1469.76
43083.37569,12.99,10.42,13.56,1470.5
43083.41736,12.96,10.5,13.66,1470.49
43083.45903,12.99,10.7,13.9,1470.84
43083.50069,13.18,10.88,14.19,1471.73
43083.54236,13.27,11.04,14.41,1472.25
43083.58403,13.43,11.17,14.62,1472.97
43083.62569,13.83,11.24,14.84,1474.47
43083.66736,14.57,11.2,15.06,1476.99
43083.70903,14.85,11.09,15.01,1477.8
43083.75069,14.63,11.04,14.88,1477.01
43083.79236,13.77,11.14,14.7,1474.13
43083.83403,14.14,11.18,14.89,1475.48
43083.87569,13.92,11.3,14.95,1474.86
43083.91736,13.83,11.52,15.19,1474.8
43083.95903,13.83,11.84,15.57,1475.18
43084.00069,13.8,12.13,15.92,1475.43
43084.04236,13.77,12.46,16.3,1475.71
43084.08403,13.8,12.73,16.64,1476.15
43084.12569,13.86,12.99,16.97,1476.67
43084.16736,14.08,13.16,17.26,1477.62
43084.20903,14.17,12.96,17.06,1477.7
43084.25069,14.08,12.51,16.48,1476.84
43084.29236,13.98,12.49,16.42,1476.5
43084.33403,13.92,12.78,16.74,1476.63
43084.37569,13.95,12.94,16.95,1476.93
43084.41736,13.83,13.32,17.36,1476.96
43084.45903,13.89,13.8,17.96,1477.75
43084.50069,14.08,14.21,18.52,1478.88
43084.54236,14.51,14.55,19.13,1480.77
43084.58403,14.63,14.76,19.44,1481.44
43084.62569,14.6,14.99,19.7,1481.6
43084.66736,15.03,15.21,20.17,1483.32
43084.70903,16,15.33,20.78,1486.69
43084.75069,16.3,14.89,20.37,1487.16
43084.79236,15.55,14.44,19.47,1484.14
43084.83403,15.33,14.24,19.13,1483.19
43084.87569,15.46,14.05,18.94,1483.37
43084.91736,15.61,13.56,18.4,1483.3
43084.95903,15.7,13.25,18.05,1483.24
43085.00069,15.67,12.96,17.67,1482.79
43085.04236,15.43,12.93,17.53,1481.94
43085.08403,15.43,13.04,17.68,1482.08
43085.12569,15.55,12.81,17.44,1482.21
43085.16736,15.12,12.5,16.88,1480.41
43085.20903,14.97,12.28,16.55,1479.64
43085.25069,14.6,12.13,16.22,1478.2
43085.29236,14.11,12.02,15.9,1476.37
43085.33403,14.11,11.95,15.81,1476.28
43085.37569,14.69,11.88,15.95,1478.22
43085.41736,14.63,12,16.07,1478.15
43085.45903,14.51,12.58,16.74,1478.42
43085.50069,14.6,13.13,17.44,1479.39
43085.54236,14.82,13.67,18.19,1480.76
43085.58403,14.94,14.12,18.8,1481.72
43085.62569,15.09,14.46,19.28,1482.63
43085.66736,15.06,14.71,19.57,1482.82
43085.70903,15.4,14.99,20.07,1484.27
43085.75069,15.36,15.03,20.1,1484.22
43085.79236,15.06,15.03,19.97,1483.21
43085.83403,15.36,15.08,20.17,1484.29
43085.87569,15.33,15.15,20.24,1484.27
43085.91736,14.78,15.14,19.97,1482.41
43085.95903,14.82,15.45,20.35,1482.87
43086.00069,14.82,15.87,20.87,1483.38
43086.04236,14.88,16.24,21.33,1484.02
43086.08403,14.88,16.51,21.66,1484.34
43086.12569,14.72,16.75,21.87,1484.11
43086.16736,14.6,16.77,21.83,1483.72
43086.20903,14.39,16.55,21.46,1482.73
43086.25069,13.98,16.09,20.73,1480.82
43086.29236,13.77,15.7,20.15,1479.59
43086.33403,14.14,15.26,19.81,1480.34
43086.37569,14.26,15.21,19.8,1480.71
43086.41736,14.39,15.1,19.74,1481.01
43086.45903,14.82,15.21,20.07,1482.6
43086.50069,15.09,15.51,20.57,1483.88
43086.54236,15.24,15.82,21.02,1484.76
43086.58403,15.43,16.17,21.53,1485.78
43086.62569,15.46,16.4,21.82,1486.14
43086.66736,15.97,16.57,22.29,1488.04
43086.70903,16,16.7,22.47,1488.29
43086.75069,16.3,16.72,22.64,1489.3
43086.79236,16.45,16.51,22.46,1489.54
43086.83403,15.79,16.33,21.9,1487.16
43086.87569,15.94,16.44,22.11,1487.79
43086.91736,16.03,16.5,22.24,1488.16
43086.95903,15.94,16.65,22.38,1488.04
43087.00069,15.88,16.82,22.56,1488.05
43087.04236,15.88,17.05,22.84,1488.31
43087.08403,15.88,17.28,23.12,1488.58
43087.12569,15.88,17.4,23.26,1488.72
43087.16736,15.88,17.52,23.41,1488.86
43087.20903,15.85,17.49,23.36,1488.73
43087.25069,15.85,17.26,23.07,1488.45
43087.29236,15.85,16.91,22.65,1488.05
43087.33403,15.91,16.56,22.25,1487.83
43087.37569,16.09,16.2,21.9,1488
43087.41736,16.18,16.06,21.77,1488.13
43087.45903,16.3,15.94,21.68,1488.39
43087.50069,16.39,15.97,21.77,1488.72
43087.54236,16.42,16.13,21.98,1489
43087.58403,16.67,16.38,22.41,1490.07
43087.62569,16.7,16.59,22.69,1490.41
43087.66736,16.64,16.72,22.83,1490.37
43087.70903,16.82,16.87,23.11,1491.13
43087.75069,17.06,16.89,23.25,1491.91
43087.79236,17.53,16.8,23.39,1493.31
43087.83403,17.09,16.68,23.01,1491.76
43087.87569,16.7,16.7,22.82,1490.54
43087.91736,17.12,16.78,23.15,1491.98
43087.95903,17.12,16.86,23.25,1492.07
43088.00069,17.15,16.92,23.34,1492.24
43088.04236,16.94,17.09,23.44,1491.77
43088.08403,16.88,17.32,23.69,1491.84
43088.12569,16.88,17.56,24,1492.12
43088.16736,17.06,17.69,24.26,1492.85
43088.20903,17.12,17.62,24.21,1492.95
43088.25069,17.18,17.43,24,1492.92
43088.29236,17.15,17.24,23.74,1492.6
43088.33403,16.97,17.04,23.39,1491.8
43088.37569,17.12,16.9,23.29,1492.11
43088.41736,18.07,16.77,23.63,1494.95
43088.45903,18.01,16.48,23.23,1494.44
43088.50069,18.01,16.34,23.04,1494.27
43088.54236,18.19,16.26,23.04,1494.74
43088.58403,18.01,16.3,22.99,1494.22
43088.62569,18.07,16.42,23.18,1494.55
43088.66736,18.13,16.51,23.33,1494.84
43088.70903,18.28,16.76,23.72,1495.58
43088.75069,19.02,16.89,24.28,1497.99
43088.79236,19.11,16.85,24.28,1498.21
43088.83403,19.2,16.77,24.23,1498.39
43088.87569,19.23,16.56,23.96,1498.24
43088.91736,19.2,15.79,22.93,1497.27
43088.95903,18.99,14.63,21.28,1495.31
43089.00069,19.05,14.46,21.09,1495.3
43089.04236,18.87,14.7,21.33,1495.04
43089.08403,18.72,15.03,21.7,1494.96
43089.12569,18.81,15.29,22.08,1495.53
43089.16736,18.93,15.48,22.38,1496.11
43089.20903,18.9,15.32,22.16,1495.84
43089.25069,18.81,14.78,21.41,1494.95
43089.29236,18.87,13.91,20.27,1494.13
43089.33403,18.84,13.41,19.59,1493.47
43089.37569,18.81,13.05,19.09,1492.96
43089.41736,19.23,13.12,19.36,1494.31
43089.45903,19.29,13.41,19.78,1494.82
43089.50069,19.23,13.46,19.82,1494.69
43089.54236,19.08,13.61,19.96,1494.41
43089.58403,18.87,14.04,20.45,1494.28
43089.62569,18.78,14.92,21.57,1495.01
43089.66736,18.96,15.67,22.65,1496.42
43089.70903,19.26,16.06,23.31,1497.75
43089.75069,19.55,16.24,23.7,1498.84
43089.79236,19.76,16.05,23.55,1499.24
43089.83403,19.85,15.54,22.92,1498.93
43089.87569,19.99,15.05,22.32,1498.8
43089.91736,19.73,14.92,22.02,1497.87
43089.95903,19.43,15.22,22.29,1497.33
43090.00069,19.11,15.69,22.74,1496.88
43090.04236,18.93,16.11,23.22,1496.83
43090.08403,18.84,16.64,23.87,1497.17
43090.12569,18.84,17.08,24.44,1497.67
43090.16736,18.9,17.39,24.88,1498.21
43090.20903,18.93,17.46,24.99,1498.38
43090.25069,18.96,17.45,24.99,1498.46
43090.29236,19.08,17.23,24.77,1498.56
43090.33403,19.2,16.89,24.39,1498.53
43090.37569,19.32,16.45,23.86,1498.38
43090.41736,19.76,16.27,23.85,1499.49
43090.45903,20.58,15.77,23.59,1501.34
43090.50069,20.55,15.31,22.96,1500.74
43090.54236,20.76,15.14,22.81,1501.14
43090.58403,20.99,15.15,22.95,1501.84
43090.62569,21.2,15.43,23.43,1502.73
43090.66736,21.37,15.29,23.33,1503.08
43090.70903,21.37,14.62,22.39,1502.33
43090.75069,21.26,13.85,21.26,1501.13
43090.79236,21.29,14.19,21.74,1501.59
43090.83403,21.26,14.29,21.87,1501.62
43090.87569,21.02,14.19,21.62,1500.84
43090.91736,20.96,14.03,21.38,1500.49
43090.95903,21.08,13.99,21.38,1500.79
43091.00069,20.85,14.04,21.34,1500.16
43091.04236,20.49,14.19,21.38,1499.3
43091.08403,20.02,15.1,22.41,1498.95
43091.12569,19.85,15.9,23.4,1499.33
43091.16736,19.85,16.59,24.32,1500.11
43091.20903,19.79,16.98,24.81,1500.38
43091.25069,19.7,17.1,24.92,1500.26
43091.29236,19.64,16.43,24.01,1499.33
43091.33403,19.49,15.04,22.07,1497.3
43091.37569,19.38,13.77,20.3,1495.49
43091.41736,19.55,13.16,19.55,1495.33
43091.45833,20.02,19.57,28.39,1504.02
43091.5,20.38,20.07,29.26,1505.6
43091.54167,20.7,19.1,28.17,1505.44
43091.58333,20.99,18.86,28.02,1506.01
43091.625,20.52,21.42,31.15,1507.56
43091.66667,20.61,21.7,31.57,1508.12
43091.70833,20.67,21.6,31.48,1508.18
43091.75,20.61,22.49,32.61,1509.01
43091.79167,20.67,23.08,33.43,1509.84
43091.83333,20.58,20.6,30.1,1506.8
43091.875,20.52,19.72,28.89,1505.63
43091.91667,20.88,19.61,28.95,1506.51
43091.95833,20.76,21.56,31.48,1508.37
43092,20.64,21.49,31.31,1507.97
43092.04167,20.44,21.53,31.24,1507.43
43092.08333,20.17,23.08,33.07,1508.42
43092.125,19.79,24.09,34.11,1508.48
43092.16667,19.61,24.58,34.59,1508.52
43092.20833,19.64,24.56,34.59,1508.58
43092.25,19.7,24.45,34.49,1508.62
43092.29167,19.58,22.51,31.93,1506.08
43092.33333,19.61,22.1,31.42,1505.69
43092.375,19.73,20.33,29.2,1504.02
43092.41667,19.91,19.52,28.25,1503.62
43092.45833,20.14,18.59,27.16,1503.25
43092.5,20.17,22.26,32.01,1507.49
43092.54167,20.32,21.47,31.07,1507.02
43092.58333,20.58,21.33,31.07,1507.62
43092.625,20.61,21.89,31.82,1508.33
43092.66667,20.44,23.64,34,1509.82
43092.70833,20.41,23.96,34.38,1510.09
43092.75,20.41,24.03,34.48,1510.17
43092.79167,20.41,23.88,34.28,1510
43092.83333,20.41,23.37,33.62,1509.42
43092.875,20.58,22.24,32.26,1508.64
43092.91667,20.7,21.08,30.82,1507.68
43092.95833,20.61,21.5,31.31,1507.9
43093,20.41,23.02,33.16,1509.02
43093.04167,20.38,22.96,33.07,1508.88
43093.08333,20.29,23.15,33.25,1508.84
43093.125,20.29,24.1,34.48,1509.91
43093.16667,19.91,24.71,34.98,1509.51
43093.20833,19.82,24.76,34.98,1509.32
43093.25,19.85,24.74,34.98,1509.38
43093.29167,19.94,24.31,34.49,1509.14
43093.33333,19.99,23.46,33.44,1508.35
43093.375,20.17,22.06,31.75,1507.27
43093.41667,20.52,20.81,30.34,1506.86
43093.45833,21.02,20.04,29.63,1507.41
43093.5,20.99,19.55,28.95,1506.78
43093.54167,20.88,21.75,31.82,1508.93
43093.58333,21.2,21.71,31.98,1509.79
43093.625,21.34,22.03,32.51,1510.55
43093.66667,21.23,22.43,32.96,1510.67
43093.70833,21.02,22.89,33.42,1510.61
43093.75,20.9,23.23,33.8,1510.68
43093.79167,20.93,23.29,33.89,1510.82
43093.83333,21.08,23.14,33.79,1511.06
43093.875,21.11,22.77,33.33,1510.73
43093.91667,21.02,22.27,32.6,1509.92
43093.95833,20.85,21.77,31.82,1508.86
43094,20.67,21.41,31.23,1507.96
43094.04167,20.55,20.85,30.42,1507
43094.08333,20.41,19.88,29.04,1505.48
43094.125,20.11,18.75,27.36,1503.35
43094.16667,19.96,17.68,25.85,1501.7
43094.20833,19.43,16.56,24.07,1498.85
43094.25,19.2,15.44,22.47,1496.87
43094.29167,19.02,14.56,21.2,1495.32
43094.33333,18.49,13.83,20,1492.85
43094.375,17.92,13.62,19.47,1490.85
43094.41667,17.74,13.76,19.57,1490.45
43094.45833,17.89,13.78,19.67,1490.94
43094.5,18.69,13.87,20.13,1493.53
43094.54167,18.93,13.97,20.38,1494.38
43094.58333,19.23,14.23,20.85,1495.57
43094.625,19.43,14.33,21.08,1496.31
43094.66667,19.38,14.26,20.97,1496.05
43094.70833,19.2,14.21,20.82,1495.46
43094.75,19.08,14.14,20.67,1495.02
43094.79167,18.75,13.98,20.31,1493.84
43094.83333,18.9,13.74,20.06,1494.03
43094.875,18.28,13.65,19.66,1492
43094.91667,17.03,13.67,19.14,1488.06
43094.95833,15.91,13.73,18.73,1484.5
43095,15.49,13.81,18.65,1483.19
43095.04167,15.49,13.78,18.62,1483.16
43095.08333,16.39,13.84,19.08,1486.22
43095.125,15.91,13.87,18.91,1484.66
43095.16667,15.85,13.86,18.88,1484.46
43095.20833,16.06,14.05,19.21,1485.38
43095.25,15.52,14.3,19.28,1483.87
43095.29167,15.52,14.48,19.5,1484.08
43095.33333,15.46,14.63,19.66,1484.06
43095.375,14.63,14.74,19.41,1481.41
43095.41667,14.6,14.7,19.35,1481.26
43095.45833,14.78,14.68,19.41,1481.86
43095.5,14.32,14.65,19.17,1480.25
43095.54167,15.85,14.67,19.89,1485.41
43095.58333,15.97,14.63,19.89,1485.76
43095.625,15.94,14.59,19.82,1485.61
43095.66667,16.21,14.56,19.92,1486.48
43095.70833,16.61,14.56,20.09,1487.74
43095.75,16.73,14.54,20.12,1488.11
43095.79167,16.88,14.59,20.26,1488.66
43095.83333,16.85,14.69,20.37,1488.67
43095.875,16.79,14.82,20.51,1488.64
43095.91667,16.85,14.95,20.69,1488.97
43095.95833,16.82,14.96,20.69,1488.89
43096,16.55,14.8,20.37,1487.83
43096.04167,16.27,14.62,20.02,1486.74
43096.08333,15.82,14.47,19.62,1485.08
43096.125,15.73,14.35,19.43,1484.63
43096.16667,15.64,14.33,19.37,1484.31
43096.20833,15.91,14.28,19.43,1485.15
43096.25,15.94,14.37,19.56,1485.36
43096.29167,16.12,14.76,20.13,1486.41
43096.33333,16.18,15.23,20.74,1487.16
43096.375,16.21,15.68,21.32,1487.79
43096.41667,16.3,16.15,21.94,1488.63
43096.45833,16.36,16.51,22.42,1489.25
43096.5,16.64,16.76,22.87,1490.42
43096.54167,16.55,16.76,22.83,1490.13
43096.58333,16.67,16.53,22.59,1490.24
43096.625,16.7,16.51,22.59,1490.32
43096.66667,16.73,16.36,22.41,1490.23
43096.70833,16.85,16.31,22.41,1490.56
43096.75,16.82,16.32,22.41,1490.48
43096.79167,16.76,16.45,22.55,1490.44
43096.83333,16.64,16.72,22.83,1490.37
43096.875,16.58,17.05,23.21,1490.57
43096.91667,16.58,17.53,23.8,1491.13
43096.95833,16.39,17.74,23.96,1490.79
43097,16.18,17.59,23.65,1489.93
43097.04167,16.03,17.41,23.36,1489.23
43097.08333,15.79,17.13,22.88,1488.11
43097.125,15.64,16.78,22.38,1487.2
43097.16667,15.46,16.5,21.95,1486.27
43097.20833,15.43,16.55,21.99,1486.22
43097.25,15.58,16.59,22.12,1486.77
43097.29167,15.7,16.47,22.03,1487.03
43097.33333,15.67,16.55,22.12,1487.03
43097.375,15.73,16.85,22.52,1487.58
43097.41667,15.76,17.14,22.88,1488.02
43097.45833,15.55,17.43,23.12,1487.66
43097.5,15.36,17.55,23.17,1487.21
43097.54167,15.46,17.55,23.22,1487.51
43097.58333,15.61,17.52,23.27,1487.97
43097.625,15.58,17.38,23.07,1487.7
43097.66667,15.55,17.31,22.98,1487.53
43097.70833,15.3,17.19,22.7,1486.58
43097.75,15.12,17.01,22.39,1485.75
43097.79167,15.12,16.82,22.17,1485.54
43097.83333,15.33,16.91,22.39,1486.35
43097.875,15.43,17.17,22.75,1486.96
43097.91667,15.36,17.47,23.08,1487.11
43097.95833,15.3,18.11,23.82,1487.67
43098,14.82,18.26,23.72,1486.22
43098.04167,14.54,18.27,23.58,1485.3
43098.08333,14.29,18.13,23.28,1484.31
43098.125,14.08,17.95,22.95,1483.35
43098.16667,13.89,17.8,22.67,1482.54
43098.20833,13.68,17.94,22.72,1481.96
43098.25,13.27,17.63,22.14,1480.18
43098.29167,13.74,17.41,22.14,1481.54
43098.33333,13.68,17.25,21.93,1481.14
43098.375,13.43,17.11,21.63,1480.11
43098.41667,13.49,17.05,21.59,1480.25
43098.45833,13.46,16.82,21.31,1479.86
43098.5,13.64,16.74,21.31,1480.41
43098.54167,13.77,16.75,21.39,1480.85
43098.58333,13.83,16.69,21.35,1480.99
43098.625,13.61,16.61,21.15,1480.16
43098.66667,13.89,16.59,21.27,1481.09
43098.70833,14.11,16.53,21.3,1481.76
43098.75,13.49,16.4,20.84,1479.47
43098.79167,13.46,16.32,20.73,1479.26
43098.83333,13.61,16.29,20.77,1479.76
43098.875,13.86,16.41,21.03,1480.76
43098.91667,13.89,16.59,21.27,1481.09
43098.95833,13.92,16.78,21.51,1481.43
43099,13.92,16.96,21.71,1481.64
43099.04167,13.77,17.14,21.84,1481.32
43099.08333,13.58,17.22,21.84,1480.78
43099.125,13.11,17.18,21.56,1479.1
43099.16667,12.93,17.06,21.31,1478.29
43099.20833,12.58,16.87,20.93,1476.85
43099.25,11.98,16.69,20.41,1474.47
43099.29167,12.01,16.58,20.31,1474.45
43099.33333,12.39,16.44,20.34,1475.65
43099.375,13.24,16.48,20.81,1478.69
43099.41667,13.8,16.8,21.47,1481.03
43099.45833,13.86,17.13,21.88,1481.63
43099.5,13.98,17.48,22.36,1482.48
43099.54167,14.32,17.79,22.9,1484.01
43099.58333,14.85,17.67,23.04,1485.62
43099.625,14.82,17.37,22.66,1485.16
43099.66667,14.97,17.38,22.75,1485.68
43099.70833,15.15,17.22,22.66,1486.11
43099.75,14.85,16.84,22.04,1484.63
43099.79167,14.11,16.67,21.46,1481.93
43099.83333,14.05,16.46,21.18,1481.46
43099.875,14.14,16.19,20.91,1481.46
43099.91667,14.42,16.04,20.87,1482.23
43099.95833,14.32,16.01,20.8,1481.88
43100,14.23,16.02,20.76,1481.58
43100.04167,14.29,16.09,20.87,1481.87
43100.08333,14.08,16.12,20.8,1481.16
43100.125,13.83,16.1,20.65,1480.29
43100.16667,13.43,16.02,20.37,1478.79
43100.20833,13.02,15.92,20.05,1477.25
43100.25,12.42,15.79,19.62,1474.98
43100.29167,12.01,15.66,19.28,1473.34
43100.33333,11.54,15.51,18.89,1471.42
43100.375,12.49,15.43,19.24,1474.77
43100.41667,12.46,15.39,19.18,1474.61
43100.45833,13.61,15.47,19.81,1478.78
43100.5,14.05,15.58,20.15,1480.41
43100.54167,14.2,15.76,20.43,1481.15
43100.58333,14.29,15.96,20.72,1481.72
43100.625,14.48,16.11,20.99,1482.52
43100.66667,14.97,16.26,21.41,1484.36
43100.70833,14.78,16.31,21.38,1483.79
43100.75,14.69,16.35,21.38,1483.53
43100.79167,14.72,16.33,21.38,1483.62
43100.83333,15.09,16.42,21.66,1484.95
43100.875,14.94,16.45,21.62,1484.47
43100.91667,14.94,16.55,21.74,1484.6
43100.95833,14.66,16.63,21.7,1483.77
43101,14.63,16.68,21.75,1483.72
43101.04167,14.6,16.8,21.87,1483.76
43101.08333,14.54,16.9,21.96,1483.67
43101.125,14.45,16.94,21.96,1483.41
43101.16667,14.29,16.97,21.92,1482.92
43101.20833,13.83,16.97,21.67,1481.33
43101.25,13.3,16.96,21.39,1479.49
43101.29167,12.9,16.93,21.16,1478.03
43101.33333,12.01,16.93,20.71,1474.89
43101.375,11.73,16.9,20.52,1473.81
43101.41667,11.89,16.89,20.6,1474.38
43101.45833,12.33,16.95,20.89,1476.05
43101.5,12.27,16.88,20.78,1475.74
43101.54167,12.08,16.8,20.59,1474.96
43101.58333,12.01,16.67,20.41,1474.57
43101.625,11.76,16.53,20.13,1473.48
43101.66667,11.41,16.38,19.8,1472.02
43101.70833,11.31,16.22,19.57,1471.47
43101.75,10.96,16.03,19.19,1469.93
43101.79167,10.38,15.83,18.69,1467.51
43101.83333,10.08,15.65,18.36,1466.18
43101.875,9.79,15.48,18.04,1464.85
43101.91667,9.69,15.35,17.86,1464.32
43101.95833,9.03,15.23,17.43,1461.61
43102,8.4,15.07,16.98,1458.92
43102.04167,8.96,14.77,16.92,1460.77
43102.08333,8.76,14.35,16.39,1459.46
43102.125,8.29,13.86,15.68,1457
43102.16667,7.69,13.53,15.09,1454.14
43102.20833,7.51,13.21,14.7,1453.05
43102.25,6.48,13,14.09,1448.53
43102.29167,5.63,12.81,13.58,1444.73
43102.33333,4.63,12.67,13.08,1440.25
43102.375,4.12,12.5,12.73,1437.79
43102.41667,4.27,12.32,12.61,1438.19
43102.45833,4.78,11.67,12.16,1439.57
43102.5,4.96,11.23,11.8,1439.8
43102.54167,7.75,11.46,12.97,1451.8
43102.58333,6.65,11.46,12.6,1447.29
43102.625,7.14,11.37,12.67,1449.17
43102.66667,7.17,11.19,12.5,1449.09
43102.70833,7.24,10.88,12.19,1448.98
43102.75,7.58,10.58,11.99,1450
43102.79167,7.27,10.43,11.74,1448.55
43102.83333,7.07,10.37,11.61,1447.62
43102.875,6.76,10.3,11.45,1446.25
43102.91667,6.65,10.17,11.28,1445.64
43102.95833,6.44,10.04,11.08,1444.6
43103,7,9.87,11.08,1446.71
43103.04167,7.27,9.8,11.09,1447.76
43103.08333,7.24,9.79,11.06,1447.6
43103.125,7.24,9.83,11.1,1447.65
43103.16667,6.79,9.87,11.02,1445.85
43103.20833,6.58,9.85,10.93,1444.95
43103.25,5.74,9.81,10.64,1441.35
43103.29167,6.09,9.72,10.65,1442.72
43103.33333,5.85,9.61,10.47,1441.54
43103.375,5.49,9.49,10.25,1439.86
43103.41667,5.17,9.38,10.05,1438.34
43103.45833,5.88,9.26,10.13,1441.24
43103.5,6.62,9.08,10.14,1444.11
43103.54167,6.41,8.93,9.93,1443.04
43103.58333,6.93,8.83,9.97,1445.1
43103.625,7.45,8.75,10.02,1447.13
43103.66667,7.48,8.66,9.93,1447.15
43103.70833,7.31,8.54,9.76,1446.3
43103.75,7.21,8.42,9.6,1445.72
43103.79167,7.1,8.31,9.46,1445.15
43103.83333,7.24,8.22,9.41,1445.62
43103.875,6.76,8.16,9.22,1443.53
43103.91667,6.96,8.11,9.22,1444.33
43103.95833,6.79,8.05,9.12,1443.54
43104,7,8.01,9.12,1444.35
43104.04167,7.31,8.03,9.22,1445.65
43104.08333,7.48,8.13,9.37,1446.49
43104.125,7.48,8.33,9.58,1446.74
43104.16667,7.21,8.55,9.75,1445.89
43104.20833,7.07,8.77,9.94,1445.6
43104.25,6.65,9,10.07,1444.15
43104.29167,6.02,9.21,10.12,1441.78
43104.33333,5.49,9.4,10.15,1439.75
43104.375,5.53,9.54,10.31,1440.09
43104.41667,5.53,9.63,10.4,1440.2
43104.45833,5.92,9.67,10.55,1441.91
43104.5,6.65,9.68,10.78,1445.03
43104.54167,7.14,9.65,10.88,1446.99
43104.58333,7.24,9.61,10.87,1447.37
43104.625,7.75,9.51,10.92,1449.35
43104.66667,7.79,9.38,10.79,1449.33
43104.70833,7.65,9.25,10.61,1448.6
43104.75,7.58,9.12,10.46,1448.16
43104.79167,7.45,8.98,10.27,1447.43
43104.83333,7.24,8.86,10.09,1446.43
43104.875,7.03,8.74,9.9,1445.41
43104.91667,7.14,8.63,9.81,1445.7
43104.95833,6.96,8.5,9.64,1444.83
43105,6.86,8.37,9.47,1444.23
43105.04167,6.93,8.28,9.4,1444.41
43105.08333,7.03,8.19,9.33,1444.72
43105.125,7.27,8.14,9.33,1445.65
43105.16667,7.31,8.14,9.34,1445.8
43105.20833,6.96,8.18,9.3,1444.42
43105.25,6.16,8.24,9.16,1441.13
43105.29167,5.99,8.28,9.15,1440.43
43105.33333,5.17,8.29,8.96,1436.94
43105.375,4.7,8.27,8.82,1434.87
43105.41667,5.1,8.26,8.91,1436.59
43105.45833,6.41,8.23,9.21,1442.16
43105.5,6.69,8.18,9.23,1443.27
43105.54167,6.41,8.12,9.1,1442.02
43105.58333,6.96,8.1,9.21,1444.32
43105.625,7.65,8.2,9.49,1447.27
43105.66667,7.82,8.35,9.7,1448.17
43105.70833,7.86,8.55,9.91,1448.55
43105.75,7.89,8.74,10.14,1448.94
43105.79167,7.79,8.93,10.31,1448.76
43105.83333,7.92,9.13,10.56,1449.56
43105.875,7.51,9.3,10.62,1448.1
43105.91667,7.34,9.43,10.72,1447.57
43105.95833,7.38,9.54,10.84,1447.85
43106,7.79,9.62,11.05,1449.63
43106.04167,7.58,9.71,11.08,1448.9
43106.08333,7.48,9.85,11.19,1448.66
43106.125,6.93,10.16,11.36,1446.79
43106.16667,7.24,10.45,11.75,1448.43
43106.20833,7.45,10.77,12.15,1449.68
43106.25,7.45,11.11,12.51,1450.12
43106.29167,6.44,11.53,12.6,1446.51
43106.33333,6.37,11.84,12.88,1446.61
43106.375,6.06,12.07,13,1445.57
43106.41667,6.79,12.17,13.36,1448.76
43106.45833,7.45,12.25,13.69,1451.56
43106.5,9.69,12.27,14.53,1460.49
43106.54167,8.43,12.42,14.22,1455.72
43106.58333,8.93,12.48,14.48,1457.79
43106.625,8.7,12.55,14.47,1456.96
43106.66667,8.66,12.64,14.55,1456.93
43106.70833,8.63,12.76,14.66,1456.95
43106.75,8.63,12.92,14.83,1457.15
43106.79167,8.7,13.09,15.03,1457.62
43106.83333,8.7,13.27,15.23,1457.85
43106.875,8.29,13.47,15.28,1456.51
43106.91667,8.93,13.61,15.68,1459.2
43106.95833,8.7,13.72,15.7,1458.41
43107,8.7,13.78,15.77,1458.49
43107.04167,8.46,13.84,15.73,1457.64
43107.08333,8.19,13.88,15.67,1456.62
43107.125,8.36,13.95,15.8,1457.38
43107.16667,8.33,14.06,15.91,1457.39
43107.20833,8.19,14.26,16.05,1457.09
43107.25,8.16,14.5,16.29,1457.27
43107.29167,8.06,14.79,16.55,1457.23
43107.33333,7.58,15.04,16.59,1455.63
43107.375,7.31,15.32,16.76,1454.88
43107.41667,7.72,15.52,17.14,1456.78
43107.45833,9.4,15.8,18.2,1463.73
43107.5,11.44,16.13,19.53,1471.83
43107.54167,9.49,16.28,18.75,1464.71
43107.58333,9.69,16.44,19.02,1465.66
43107.625,9.2,16.5,18.84,1463.83
43107.66667,9.1,16.43,18.73,1463.37
43107.70833,9.33,16.58,18.99,1464.44
43107.75,9.23,16.68,19.05,1464.19
43107.79167,9.23,16.8,19.17,1464.33
43107.83333,9.26,16.87,19.26,1464.55
43107.875,9.3,16.97,19.39,1464.81
43107.91667,9.16,17.07,19.42,1464.41
43107.95833,9.56,17.15,19.71,1466.04
43108,9.43,17.25,19.74,1465.66
43108.04167,9.4,17.26,19.74,1465.55
43108.08333,9.49,17.12,19.64,1465.75
43108.125,9.36,16.97,19.42,1465.06
43108.16667,9.26,16.87,19.26,1464.55
43108.20833,8.96,16.81,19.05,1463.32
43108.25,8.96,16.84,19.08,1463.35
43108.29167,8.83,16.96,19.14,1462.99
43108.33333,8.8,17.06,19.24,1462.99
43108.375,8.83,17.2,19.39,1463.29
43108.41667,9,17.33,19.61,1464.1
43108.45833,9.2,17.46,19.84,1465.03
43108.5,9.43,17.54,20.05,1466.02
43108.54167,9.72,17.62,20.29,1467.25
43108.58333,10.31,17.74,20.72,1469.62
43108.625,10.18,17.77,20.68,1469.17
43108.66667,10.02,17.82,20.65,1468.61
43108.70833,10.22,17.97,20.91,1469.53
43108.75,10.15,18.18,21.1,1469.55
43108.79167,10.18,18.42,21.38,1469.98
43108.83333,10.18,18.58,21.54,1470.17
43108.875,10.22,18.64,21.62,1470.36
43108.91667,10.28,18.76,21.79,1470.76
43108.95833,10.48,18.94,22.08,1471.7
43109,11.09,19.11,22.61,1474.18
43109.04167,11.18,19.1,22.65,1474.53
43109.08333,10.41,19.05,22.17,1471.6
43109.125,10.64,19.1,22.34,1472.5
43109.16667,11.18,19.23,22.79,1474.68
43109.20833,11.02,19.1,22.56,1473.94
43109.25,10.9,19.09,22.48,1473.44
43109.29167,10.64,19.1,22.34,1472.5
43109.33333,10.41,19.09,22.21,1471.66
43109.375,10.41,19.18,22.3,1471.76
43109.41667,10.48,19.27,22.43,1472.11
43109.45833,10.93,19.41,22.84,1473.96
43109.5,11.92,19.68,23.7,1477.89
43109.54167,12.71,19.87,24.37,1480.91
43109.58333,12.77,19.93,24.48,1481.21
43109.625,12.58,19.93,24.37,1480.55
43109.66667,12.86,20.02,24.64,1481.65
43109.70833,12.68,20.03,24.53,1481
43109.75,12.55,20,24.42,1480.52
43109.79167,12.96,20.07,24.74,1482.04
43109.83333,12.71,20.06,24.58,1481.15
43109.875,12.74,20.09,24.64,1481.3
43109.91667,12.71,20.15,24.69,1481.26
43109.95833,12.93,20.23,24.91,1482.13
43110,13.98,20.42,25.76,1485.99
43110.04167,14.39,20.46,26.06,1487.4
43110.08333,14.63,20.44,26.17,1488.19
43110.125,13.8,20.21,25.41,1485.11
43110.16667,12.71,20.01,24.53,1481.09
43110.20833,14.02,20.1,25.41,1485.71
43110.25,13.71,20.01,25.13,1484.56
43110.29167,13.43,19.96,24.91,1483.54
43110.33333,13.18,19.85,24.63,1482.54
43110.375,12.65,19.8,24.26,1480.62
43110.41667,12.68,19.83,24.32,1480.77
43110.45833,12.8,19.91,24.48,1481.3
43110.5,13.43,20.01,24.96,1483.6
43110.54167,14.26,20.22,25.7,1486.69
43110.58333,15.36,20.36,26.54,1490.53
43110.625,13.98,20.27,25.58,1485.81
43110.66667,14.54,20.38,26.05,1487.82
43110.70833,14.69,20.46,26.24,1488.42
43110.75,14.88,20.52,26.42,1489.1
43110.79167,14.54,20.49,26.18,1487.94
43110.83333,14.11,20.51,25.94,1486.52
43110.875,13.98,20.52,25.88,1486.12
43110.91667,13.92,20.61,25.94,1486.01
43110.95833,13.8,20.84,26.12,1485.86
43111,14.2,20.94,26.49,1487.34
43111.04167,14.32,20.98,26.61,1487.81
43111.08333,15.79,21.18,27.77,1492.88
43111.125,16.58,21.04,28.11,1495.23
43111.16667,15.24,20.75,26.92,1490.59
43111.20833,14.14,20.6,26.06,1486.73
43111.25,15.27,20.73,26.92,1490.67
43111.29167,15.27,20.68,26.86,1490.61
43111.33333,14.97,20.63,26.6,1489.54
43111.375,14.75,20.58,26.42,1488.77
43111.41667,14.63,20.65,26.42,1488.44
43111.45833,14.78,20.67,26.54,1488.98
43111.5,14.94,20.81,26.8,1489.65
43111.54167,15.09,20.83,26.92,1490.19
43111.58333,16.42,26.29,34.28,1500.91
43111.625,16.64,25.75,33.8,1500.93
43111.66667,16.39,26.07,33.99,1500.55
43111.70833,16.3,26.37,34.28,1500.63
43111.75,15.97,26.52,34.19,1499.75
43111.79167,15.97,26.52,34.19,1499.75
43111.83333,16.18,27.13,35.07,1501.13
43111.875,16.18,26.87,34.77,1500.83
43111.91667,16.12,26.83,34.67,1500.59
43111.95833,16.12,26.75,34.57,1500.49
43112,16.21,26.68,34.57,1500.7
43112.04167,16.55,26.29,34.37,1501.29
43112.08333,16.67,25.97,34.08,1501.28
43112.125,16.85,25.61,33.79,1501.42
43112.16667,17.06,25.01,33.23,1501.37
43112.20833,17.39,24.28,32.59,1501.54
43112.25,16.24,26.25,34.09,1500.29
43112.29167,16.39,25.91,33.8,1500.36
43112.33333,16.94,26.11,34.46,1502.29
43112.375,16.12,26.09,33.81,1499.72
43112.41667,15.88,26.25,33.81,1499.15
43112.45833,15.27,26.51,33.64,1497.5
43112.5,15.49,25.57,32.72,1497.08
43112.54167,15.58,25.05,32.19,1496.76
43112.58333,16.3,24.74,32.35,1498.7
43112.625,16.64,24.38,32.17,1499.33
43112.66667,16.91,24.14,32.07,1499.89
43112.70833,17.21,23.89,31.98,1500.53
43112.75,17.12,23.87,31.9,1500.23
43112.79167,17.06,23.69,31.64,1499.84
43112.83333,16.52,23.88,31.48,1498.37
43112.875,16.52,23.74,31.32,1498.2
43112.91667,16.24,23.84,31.24,1497.46
43112.95833,16.03,23.83,31.08,1496.77
43113,15.97,23.72,30.91,1496.46
43113.04167,16.36,23.42,30.82,1497.35
43113.08333,16.15,23.01,30.19,1496.19
43113.125,15.91,22.76,29.73,1495.13
43113.16667,15.58,22.69,29.43,1493.98
43113.20833,15.24,22.02,28.41,1492.09
43113.25,14.88,21.01,26.99,1489.68
43113.29167,14.57,21.46,27.32,1489.2
43113.33333,14.66,20.26,25.99,1488.09
43113.375,14.32,20.6,26.18,1487.36
43113.41667,14.54,20.54,26.24,1488
43113.45833,13.95,19.93,25.18,1485.3
43113.5,13.95,19.17,24.3,1484.39
43113.54167,14.02,18.96,24.09,1484.35
43113.58333,14.26,15.95,20.69,1481.59
43113.625,14.54,13.97,18.44,1480.18
43113.66667,14.48,13.19,17.47,1479.04
43113.70833,14.11,13.88,18.14,1478.59
43113.75,13.77,13.32,17.33,1476.74
43113.79167,13.49,13.72,17.69,1476.25
43113.83333,13.27,13.23,17.02,1474.89
43113.875,13.08,12.41,15.97,1473.24
43113.91667,12.96,11.66,15.04,1471.89
43113.95833,12.65,11.4,14.61,1470.44
43114,12.39,11.16,14.24,1469.24
43114.04167,11.98,11.04,13.96,1467.59
43114.08333,11.6,10.77,13.52,1465.87
43114.125,11.6,12.48,15.48,1467.95
43114.16667,11.02,12.93,15.77,1466.36
43114.20833,10.22,11.83,14.24,1461.95
43114.25,9.03,11.42,13.37,1456.85
43114.29167,8.23,11.73,13.42,1454.06
43114.33333,7.17,11.87,13.2,1449.95
43114.375,7.17,11.99,13.32,1450.1
43114.41667,9.86,12.57,14.92,1461.49
43114.45833,9.4,13.32,15.56,1460.65
43114.5,10.12,12.97,15.46,1462.99
43114.54167,10.73,12.63,15.33,1464.91
43114.58333,11.18,12.42,15.26,1466.34
43114.625,11.34,12.25,15.12,1466.72
43114.66667,11.98,12.09,15.18,1468.88
43114.70833,12.05,12.41,15.58,1469.5
43114.75,12.08,12.84,16.09,1470.14
43114.79167,11.98,13.09,16.33,1470.09
43114.83333,11.12,12.63,15.47,1466.35
43114.875,10.99,12.31,15.06,1465.49
43114.91667,11.09,12.24,15.02,1465.76
43114.95833,10.7,12.18,14.8,1464.23
43115,10.38,11.9,14.38,1462.67
43115.04167,10.41,11.74,14.21,1462.59
43115.08333,10.02,11.46,13.76,1460.75
43115.125,8.96,11.8,13.75,1457.06
43115.16667,8.26,11.97,13.69,1454.49
43115.20833,8.13,12.1,13.78,1454.12
43115.25,8.19,12.11,13.82,1454.4
43115.29167,7.27,12.1,13.47,1450.67
43115.33333,7.03,12.23,13.52,1449.85
43115.375,6.83,12.43,13.64,1449.24
43115.41667,9.3,12.41,14.53,1459.12
43115.45833,9.03,12.57,14.61,1458.3
43115.5,9.59,12.8,15.07,1460.76
43115.54167,10.18,13.02,15.54,1463.3
43115.58333,10.44,13.11,15.74,1464.4
43115.625,10.9,13.16,15.98,1466.17
43115.66667,11.31,13.18,16.17,1467.74
43115.70833,11.47,13.24,16.3,1468.4
43115.75,11.38,13.3,16.34,1468.13
43115.79167,11.7,13.41,16.59,1469.44
43115.83333,11.18,13.48,16.45,1467.63
43115.875,11.18,13.55,16.53,1467.72
43115.91667,10.93,13.7,16.59,1466.95
43115.95833,10.8,14.43,17.35,1467.36
43116,10.93,15.05,18.09,1468.6
43116.04167,10.9,15.55,18.63,1469.1
43116.08333,10.93,15.99,19.13,1469.76
43116.125,10.38,16.29,19.2,1468.08
43116.16667,9.76,16.21,18.81,1465.63
43116.20833,9.36,15.82,18.2,1463.62
43116.25,9.1,15.74,17.99,1462.5
43116.29167,8.43,15.84,17.8,1460.02
43116.33333,7.72,15.9,17.53,1457.27
43116.375,8.93,16.14,18.34,1462.35
43116.41667,9.53,16.26,18.75,1464.81
43116.45833,9.69,16.16,18.72,1465.32
43116.5,10.44,16.18,19.1,1468.18
43116.54167,10.67,16.22,19.26,1469.08
43116.58333,10.9,16.26,19.41,1469.97
43116.625,11.15,16.32,19.6,1471
43116.66667,11.38,16.31,19.7,1471.81
43116.70833,12.42,16.33,20.23,1475.63
43116.75,13.21,16.24,20.51,1478.29
43116.79167,12.65,16.11,20.09,1476.15
43116.83333,12.42,16.06,19.92,1475.3
43116.875,12.49,15.94,19.82,1475.38
43116.91667,12.68,15.77,19.72,1475.85
43116.95833,12.42,15.68,19.49,1474.84
43117,11.38,15.85,19.19,1471.25
43117.04167,11.34,16.26,19.63,1471.64
43117.08333,11.5,16.55,20.03,1472.58
43117.125,11.89,16.76,20.45,1474.22
43117.16667,11.98,16.78,20.52,1474.59
43117.20833,11.57,16.53,20.03,1472.78
43117.25,11.7,16.08,19.6,1472.7
43117.29167,11.34,15.7,19.01,1470.95
43117.33333,10.9,15.37,18.44,1468.88
43117.375,10.86,15.14,18.17,1468.48
43117.41667,11.31,15,18.22,1469.98
43117.45833,11.6,14.91,18.24,1470.92
43117.5,11.6,14.94,18.27,1470.95
43117.54167,11.6,15.08,18.43,1471.13
43117.58333,11.82,15.26,18.74,1472.16
43117.625,11.95,15.39,18.94,1472.78
43117.66667,11.95,15.44,19,1472.85
43117.70833,11.98,15.43,19,1472.94
43117.75,11.54,15.41,18.77,1471.29
43117.79167,10.96,15.4,18.49,1469.15
43117.83333,10.8,15.42,18.44,1468.57
43117.875,10.41,15.41,18.25,1467.11
43117.91667,10.15,15.42,18.14,1466.14
43117.95833,9.86,15.38,17.96,1464.97
43118,9.76,15.3,17.84,1464.5
43118.04167,9.26,15.29,17.6,1462.58
43118.08333,9.13,15.23,17.48,1461.99
43118.125,8.4,15.2,17.12,1459.08
43118.16667,7.65,15.17,16.75,1456.07
43118.20833,7.17,15.06,16.43,1453.99
43118.25,6.37,15,16.02,1450.63
43118.29167,5.78,14.87,15.64,1447.97
43118.33333,4.85,14.78,15.17,1443.91
43118.375,4.52,14.72,14.97,1442.42
43118.41667,5.24,14.64,15.2,1445.41
43118.45833,6.93,14.49,15.76,1452.28
43118.5,6.69,14.47,15.64,1451.26
43118.54167,7.07,14.38,15.7,1452.71
43118.58333,7.62,14.32,15.88,1454.86
43118.625,8.36,14.24,16.11,1457.74
43118.66667,8.76,14.11,16.14,1459.17
43118.70833,8.93,13.94,16.03,1459.61
43118.75,8.86,13.78,15.83,1459.15
43118.79167,9.23,13.66,15.85,1460.42
43118.83333,9,13.63,15.73,1459.49
43118.875,8.6,13.61,15.55,1457.89
43118.91667,8.19,13.55,15.32,1456.21
43118.95833,8.5,13.35,15.23,1457.16
43119,8.43,13.2,15.05,1456.7
43119.04167,8.19,13.13,14.89,1455.68
43119.08333,8.26,13.12,14.9,1455.94
43119.125,8.56,13.15,15.05,1457.17
43119.16667,8.66,13.21,15.15,1457.65
43119.20833,8.13,13.37,15.11,1455.71
43119.25,7.48,13.41,14.89,1453.16
43119.29167,7.41,13.35,14.8,1452.81
43119.33333,6.76,13.28,14.47,1450.03
43119.375,6.62,13.15,14.29,1449.29
43119.41667,7.24,13.03,14.41,1451.7
43119.45833,9.06,12.98,15.06,1458.93
43119.5,8.86,13.09,15.1,1458.29
43119.54167,9.53,13.46,15.76,1461.33
43119.58333,9.92,13.87,16.36,1463.35
43119.625,10.05,14.24,16.83,1464.32
43119.66667,10.05,14.61,17.22,1464.76
43119.70833,10.15,14.95,17.64,1465.57
43119.75,10.28,15.27,18.04,1466.45
43119.79167,10.38,15.55,18.38,1467.16
43119.83333,10.22,15.74,18.52,1466.79
43119.875,9.92,15.87,18.53,1465.83
43119.91667,10.18,15.91,18.69,1466.88
43119.95833,10.12,15.74,18.47,1466.41
43120,9.95,15.68,18.33,1465.72
43120.04167,9.49,15.71,18.15,1463.99
43120.08333,9.26,15.81,18.15,1463.23
43120.125,9.3,15.95,18.31,1463.53
43120.16667,9.3,16.05,18.42,1463.66
43120.20833,9.46,16.21,18.67,1464.5
43120.25,9,16.24,18.48,1462.74
43120.29167,8.96,16.17,18.39,1462.53
43120.33333,8.73,16,18.1,1461.4
43120.375,8.46,15.83,17.8,1460.13
43120.41667,8.83,15.71,17.84,1461.43
43120.45833,8.9,15.58,17.74,1461.53
43120.5,9.43,15.45,17.84,1463.42
43120.54167,9.79,15.48,18.04,1464.85
43120.58333,9.86,15.65,18.25,1465.3
43120.625,9.99,15.87,18.55,1466.08
43120.66667,10.02,16.07,18.78,1466.45
43120.70833,10.08,16.23,18.99,1466.9
43120.75,10.15,16.43,19.23,1467.39
43120.79167,10.28,16.57,19.45,1468.05
43120.83333,10.48,16.69,19.67,1468.93
43120.875,10.44,16.7,19.67,1468.83
43120.91667,10.44,16.64,19.61,1468.76
43120.95833,10.35,16.66,19.57,1468.41
43121,10.31,16.7,19.61,1468.34
43121.04167,10.31,16.8,19.7,1468.45
43121.08333,10.08,16.87,19.67,1467.69
43121.125,9.86,16.95,19.64,1466.92
43121.16667,9.76,17.12,19.77,1466.76
43121.20833,9.82,17.28,19.97,1467.2
43121.25,9.95,17.41,20.18,1467.86
43121.29167,9.89,17.47,20.22,1467.69
43121.33333,9.86,17.42,20.15,1467.51
43121.375,9.86,17.29,20.01,1467.35
43121.41667,10.18,17.23,20.11,1468.51
43121.45833,11.12,17.18,20.53,1471.94
43121.5,10.93,17.04,20.28,1471.05
43121.54167,11.41,17.01,20.49,1472.79
43121.58333,11.38,17,20.45,1472.65
43121.625,11.41,17.15,20.64,1472.95
43121.66667,11.76,17.32,21.01,1474.44
43121.70833,11.82,17.5,21.24,1474.89
43121.75,11.82,17.65,21.4,1475.07
43121.79167,11.92,17.78,21.61,1475.58
43121.83333,12.68,17.99,22.24,1478.53
43121.875,12.71,17.97,22.24,1478.62
43121.91667,12.83,17.95,22.28,1479.04
43121.95833,12.83,17.8,22.11,1478.85
43122,12.14,17.86,21.81,1476.47
43122.04167,12.33,17.85,21.9,1477.13
43122.08333,12.08,17.89,21.81,1476.28
43122.125,11.47,17.96,21.57,1474.18
43122.16667,11.47,18.11,21.74,1474.37
43122.20833,11.5,18.29,21.95,1474.7
43122.25,11.5,18.49,22.16,1474.94
43122.29167,11.6,18.64,22.38,1475.47
43122.33333,11.92,18.81,22.74,1476.82
43122.375,12.49,18.81,23.06,1478.86
43122.41667,13.24,18.77,23.44,1481.46
43122.45833,13.15,18.61,23.2,1480.93
43122.5,13.64,18.62,23.49,1482.67
43122.54167,14.2,18.64,23.83,1484.6
43122.58333,13.8,18.71,23.68,1483.31
43122.625,13.46,18.75,23.54,1482.19
43122.66667,13.33,18.9,23.64,1481.93
43122.70833,13.27,19.07,23.79,1481.92
43122.75,13.33,19.26,24.05,1482.36
43122.79167,13.52,19.39,24.31,1483.17
43122.83333,14.32,19.59,25.01,1486.15
43122.875,14.75,19.71,25.4,1487.74
43122.91667,15.03,19.77,25.63,1488.72
43122.95833,15.61,19.77,25.98,1490.63
43123,15.7,19.63,25.86,1490.75
43123.04167,14.2,19.51,24.84,1485.64
43123.08333,14.91,19.63,25.4,1488.15
43123.125,14.29,19.56,24.95,1486.01
43123.16667,14.11,19.56,24.84,1485.38
43123.20833,13.86,19.59,24.73,1484.58
43123.25,13.92,19.66,24.84,1484.87
43123.29167,14.02,19.66,24.9,1485.18
43123.33333,14.82,19.78,25.51,1488.02
43123.375,15.09,19.84,25.75,1489
43123.41667,15.4,19.78,25.86,1489.94
43123.45833,16.09,19.78,26.28,1492.21
43123.5,16.64,19.71,26.52,1493.87
43123.54167,16.15,19.45,25.91,1492.01
43123.58333,16.21,19.37,25.85,1492.12
43123.625,16.03,19.31,25.67,1491.46
43123.66667,16.12,19.31,25.73,1491.76
43123.70833,16.39,19.33,25.91,1492.65
43123.75,16.27,19.19,25.67,1492.1
43123.79167,16.15,19.01,25.38,1491.5
43123.83333,15.73,18.61,24.65,1489.66
43123.875,16,18.35,24.49,1490.24
43123.91667,16.15,18.15,24.33,1490.49
43123.95833,15.7,17.89,23.76,1488.7
43124,15.46,17.47,23.12,1487.41
43124.04167,15.43,17.1,22.66,1486.87
43124.08333,15.4,16.63,22.08,1486.22
43124.125,15,16.12,21.25,1484.29
43124.16667,15.06,15.65,20.71,1483.94
43124.20833,14.78,15.22,20.07,1482.51
43124.25,14.45,14.91,19.54,1480.99
43124.29167,14.32,14.62,19.13,1480.22
43124.33333,14.29,14.41,18.87,1479.86
43124.375,13.58,14.18,18.28,1477.13
43124.41667,13.68,13.91,17.99,1477.12
43124.45833,13.8,13.82,17.94,1477.45
43124.5,14.54,13.79,18.22,1479.96
43124.54167,15.15,13.77,18.46,1482.02
43124.58333,15.64,13.75,18.65,1483.63
43124.625,15.55,13.7,18.54,1483.26
43124.66667,15.91,13.61,18.59,1484.37
43124.70833,15.76,13.49,18.37,1483.72
43124.75,15.55,13.39,18.16,1482.89
43124.79167,15.43,13.31,18,1482.39
43124.83333,15.52,13.23,17.95,1482.61
43124.875,15.03,13.14,17.63,1480.86
43124.91667,14.57,13.1,17.4,1479.25
43124.95833,14.05,13.02,17.08,1477.35
43125,13.64,12.97,16.87,1475.9
43125.04167,13.74,12.91,16.83,1476.14
43125.08333,13.55,12.85,16.68,1475.42
43125.125,13.64,12.8,16.66,1475.69
43125.16667,13.49,12.8,16.6,1475.14
43125.20833,13.52,12.83,16.64,1475.28
43125.25,13.24,12.85,16.56,1474.33
43125.29167,12.96,12.88,16.48,1473.36
43125.33333,12.65,12.94,16.43,1472.31
43125.375,12.46,12.99,16.41,1471.69
43125.41667,12.68,13.01,16.52,1472.51
43125.45833,12.96,13.04,16.66,1473.55
43125.5,13.61,13.06,16.95,1475.89
43125.54167,14.32,13.09,17.28,1478.39
43125.58333,14.54,13.13,17.42,1479.18
43125.625,14.2,13.17,17.33,1478.06
43125.66667,14.05,13.2,17.31,1477.57
43125.70833,13.98,13.23,17.31,1477.38
43125.75,13.95,13.26,17.33,1477.31
43125.79167,13.92,13.25,17.31,1477.19
43125.83333,13.77,13.21,17.2,1476.61
43125.875,13.52,13.18,17.06,1475.71
43125.91667,13.21,13.14,16.89,1474.57
43125.95833,12.65,13.15,16.67,1472.56
43126,12.01,13.16,16.43,1470.3
43126.04167,11.41,13.19,16.22,1468.11
43126.08333,11.06,13.2,16.09,1466.82
43126.125,10.9,13.18,16,1466.19
43126.16667,11.06,13.19,16.07,1466.8
43126.20833,11.89,13.19,16.41,1469.87
43126.25,11.66,13.17,16.3,1469.03
43126.29167,11.34,13.18,16.18,1467.87
43126.33333,11.79,13.19,16.37,1469.52
43126.375,11.82,13.28,16.49,1469.75
43126.41667,11.82,13.37,16.59,1469.85
43126.45833,11.98,13.44,16.73,1470.52
43126.5,12.65,13.51,17.09,1473
43126.54167,13.61,13.57,17.57,1476.5
43126.58333,14.63,13.65,18.09,1480.11
43126.625,13.68,13.67,17.71,1476.84
43126.66667,13.74,13.73,17.81,1477.13
43126.70833,14.05,13.81,18.04,1478.3
43126.75,13.71,13.85,17.94,1477.16
43126.79167,13.36,14,17.97,1476.14
43126.83333,13.21,14.26,18.2,1475.91
43126.875,13.18,14.55,18.53,1476.15
43126.91667,13.33,14.86,18.96,1477.07
43126.95833,13.3,15.13,19.27,1477.29
43127,13.49,15.35,19.61,1478.21
43127.04167,13.86,15.51,19.98,1479.69
43127.08333,13.89,15.56,20.05,1479.85
43127.125,13.8,15.51,19.94,1479.47
43127.16667,13.61,15.47,19.81,1478.78
43127.20833,13.33,15.39,19.58,1477.71
43127.25,13.55,15.38,19.68,1478.46
43127.29167,13.68,15.42,19.78,1478.93
43127.33333,13.46,15.45,19.71,1478.21
43127.375,13.36,15.57,19.81,1478.04
43127.41667,13.4,15.79,20.08,1478.41
43127.45833,13.52,15.98,20.36,1479.07
43127.5,14.39,16.28,21.14,1482.41
43127.54167,15.58,24.32,31.33,1495.9
43127.58333,14.88,24.06,30.53,1493.3
43127.625,15.09,24.56,31.26,1494.6
43127.66667,15.46,24.83,31.84,1496.11
43127.70833,15.61,25.41,32.63,1497.28
43127.75,15.52,25.63,32.81,1497.25
43127.79167,14.66,26.36,33,1495.35
43127.83333,14.75,26.38,33.09,1495.67
43127.875,14.42,26.45,32.92,1494.65
43127.91667,14.32,26.6,33.01,1494.51
43127.95833,14.32,26.6,33.01,1494.51
43128,14.39,26.48,32.92,1494.57
43128.04167,14.57,26.19,32.74,1494.83
43128.08333,15.03,25.19,31.94,1495.15
43128.125,15.33,24.19,31.01,1494.96
43128.16667,15.49,23.54,30.36,1494.68
43128.20833,15.52,23.12,29.89,1494.28
43128.25,15.3,25.38,32.37,1496.27
43128.29167,15.12,24.54,31.26,1494.68
43128.33333,15.46,23.29,30.04,1494.29
43128.375,15.18,24.86,31.68,1495.26
43128.41667,15.09,26.96,34.02,1497.45
43128.45833,15.03,26.11,33,1496.24
43128.5,15.03,26.03,32.91,1496.15
43128.54167,15.03,25.88,32.73,1495.96
43128.58333,15.33,25.83,32.9,1496.89
43128.625,15.4,25.48,32.54,1496.68
43128.66667,15.46,25.21,32.28,1496.55
43128.70833,15.4,25.02,32.02,1496.14
43128.75,15.21,25.07,31.93,1495.6
43128.79167,15.15,25.18,32.02,1495.54
43128.83333,15.52,25.09,32.19,1496.61
43128.875,15.4,25.48,32.54,1496.68
43128.91667,15.27,25.71,32.72,1496.56
43128.95833,15.21,25.68,32.63,1496.32
43129,15.12,25.81,32.73,1496.19
43129.04167,15.24,25.73,32.72,1496.49
43129.08333,15.46,25.9,33.08,1497.37
43129.125,15.76,25.09,32.36,1497.38
43129.16667,15.73,24.44,31.58,1496.53
43129.20833,15.91,23.76,30.91,1496.31
43129.25,16.06,23.19,30.35,1496.12
43129.29167,16.24,22.31,29.42,1495.66
43129.33333,16.15,21.99,28.97,1495
43129.375,16.33,21.82,28.89,1495.38
43129.41667,16.33,22.01,29.12,1495.6
43129.45833,16.33,22.13,29.26,1495.74
43129.5,16.33,22.13,29.26,1495.74
43129.54167,16.61,21.61,28.82,1496
43129.58333,16.67,20,26.9,1494.31
43129.625,16.7,19.78,26.64,1494.14
43129.66667,16.85,19.11,25.9,1493.83
43129.70833,16.91,18.33,24.97,1493.11
43129.75,17,19.38,26.32,1494.62
43129.79167,17,19.08,25.96,1494.27
43129.83333,16.67,17.78,24.16,1491.71
43129.875,16.55,16.58,22.6,1489.91
43129.91667,16.42,15.99,21.81,1488.84
43129.95833,16.12,14.82,20.2,1486.48
43130,15.91,14.6,19.82,1485.52
43130.04167,15.79,14.86,20.1,1485.44
43130.08333,15.4,15.45,20.64,1484.82
43130.125,14.88,15.39,20.32,1483.01
43130.16667,13.61,15.91,20.33,1479.31
43130.20833,13.58,14.86,19.08,1477.94
43130.25,13.74,14.4,18.61,1477.94
43130.29167,12.68,14.11,17.8,1473.83
43130.33333,11.82,13.95,17.25,1470.56
43130.375,11.5,13.93,17.1,1469.37
43130.41667,12.33,13.86,17.37,1472.29
43130.45833,13.61,14.22,18.33,1477.28
43130.5,13.8,15.12,19.48,1479
43130.54167,13.89,14.79,19.14,1478.94
43130.58333,14.17,14.34,18.72,1479.35
43130.625,14.54,14.75,19.38,1481.11
43130.66667,14.85,12.07,16.24,1478.97
43130.70833,14.78,14.5,19.19,1481.64
43130.75,15.18,14.96,19.93,1483.53
43130.79167,15.09,15.1,20.07,1483.39
43130.83333,14.32,14.75,19.29,1480.38
43130.875,13.92,14.5,18.81,1478.7
43130.91667,13.86,14.43,18.7,1478.4
43130.95833,13.52,14.23,18.31,1476.97
43131,13.43,14.57,18.67,1477.05
43131.04167,13.4,14.78,18.9,1477.19
43131.08333,13.36,14.79,18.9,1477.1
43131.125,12.58,14.61,18.34,1474.11
43131.16667,11.98,13.83,17.19,1471
43131.20833,11.28,13.6,16.63,1468.14
43131.25,10.12,13.65,16.21,1463.83
43131.29167,8.53,14.03,15.96,1458.15
43131.33333,8.13,14.23,16,1456.79
43131.375,9.4,14.32,16.62,1461.88
43131.41667,11.09,14.91,18.01,1469.03
43131.45833,12.46,14.73,18.43,1473.81
43131.5,12.61,18.17,22.42,1478.53
43131.54167,12.55,17.63,21.77,1477.65
43131.58333,12.8,17.15,21.36,1477.96
43131.625,12.93,17.13,21.39,1478.38
43131.66667,12.86,17.05,21.28,1478.07
43131.70833,13.77,17.03,21.71,1481.19
43131.75,14.29,16.66,21.54,1482.54
43131.79167,14.08,16.41,21.15,1481.51
43131.83333,13.83,16.29,20.88,1480.52
43131.875,13.61,16.48,20.99,1480
43131.91667,13.55,16.64,21.15,1479.97
43131.95833,13.21,16.83,21.19,1479
43132,12.96,17.89,22.28,1479.41
43132.04167,12.93,18.22,22.64,1479.7
43132.08333,12.86,18.29,22.69,1479.56
43132.125,12.96,18.41,22.87,1480.03
43132.16667,12.77,18.3,22.64,1479.24
43132.20833,12.74,17.96,22.24,1478.72
43132.25,12.77,17.24,21.44,1477.96
43132.29167,12.39,16.38,20.27,1475.57
43132.33333,12.01,16.06,19.72,1473.82
43132.375,11.66,15.89,19.37,1472.35
43132.41667,12.52,15.73,19.59,1475.23
43132.45833,13.02,15.74,19.85,1477.04
43132.5,13.49,16.54,21,1479.63
43132.54167,13.89,17.68,22.54,1482.4
43132.58333,13.95,17.73,22.63,1482.67
43132.625,14.02,17.78,22.72,1482.94
43132.66667,14.26,17.86,22.95,1483.88
43132.70833,14.42,17.71,22.85,1484.22
43132.75,15.18,17.28,22.75,1486.28
43132.79167,15,16.91,22.21,1485.23
43132.83333,14.91,16.6,21.79,1484.55
43132.875,15.03,16.34,21.54,1484.65
43132.91667,14.51,17.02,22.09,1483.71
43132.95833,14.54,17.08,22.17,1483.89
43133,14.45,17.31,22.4,1483.85
43133.04167,14.08,17.95,22.95,1483.35
43133.08333,13.95,18.21,23.19,1483.25
43133.125,13.98,18.36,23.38,1483.53
43133.16667,14.02,18.43,23.48,1483.72
43133.20833,14.14,18.08,23.14,1483.72
43133.25,14.14,17.6,22.58,1483.15
43133.29167,14.14,17.26,22.18,1482.74
43133.33333,14.08,16.65,21.42,1481.8
43133.375,14.14,16.35,21.11,1481.65
43133.41667,14.57,16.1,21.02,1482.83
43133.45833,14.63,15.92,20.83,1482.81
43133.5,15.12,15.84,20.98,1484.37
43133.54167,15.27,15.91,21.13,1484.96
43133.58333,15.7,15.8,21.21,1486.24
43133.625,16,15.8,21.36,1487.24
43133.66667,16.18,15.76,21.4,1487.78
43133.70833,16.36,15.72,21.44,1488.33
43133.75,16.12,15.35,20.85,1487.1
43133.79167,16.39,15.49,21.16,1488.15
43133.83333,15.82,15.4,20.78,1486.17
43133.875,14.42,15.37,20.07,1481.43
43133.91667,14.35,15.31,19.97,1481.15
43133.95833,15.15,15.25,20.28,1483.77
43134,14.48,15.18,19.87,1481.41
43134.04167,13.8,15.04,19.39,1478.91
43134.08333,14.02,14.82,19.23,1479.4
43134.125,14.05,14.78,19.2,1479.46
43134.16667,13.36,14.69,18.79,1476.98
43134.20833,12.55,14.42,18.1,1473.76
43134.25,11.98,14.18,17.58,1471.42
43134.29167,11.79,13.79,17.05,1470.25
43134.33333,11.22,13.54,16.53,1467.83
43134.375,11.79,13.22,16.41,1469.56
43134.41667,12.3,13.36,16.77,1471.57
43134.45833,13.52,13.59,17.55,1476.19
43134.5,13.43,13.52,17.43,1475.79
43134.54167,12.86,13.58,17.27,1473.88
43134.58333,13.24,13.77,17.64,1475.43
43134.625,13.43,13.64,17.57,1475.93
43134.66667,13.64,13.77,17.81,1476.85
43134.70833,13.86,14.29,18.53,1478.22
43134.75,13.83,14.39,18.64,1478.24
43134.79167,13.95,14.18,18.44,1478.42
43134.83333,14.63,14.21,18.78,1480.78
43134.875,14.2,13.91,18.22,1478.95
43134.91667,14.11,13.83,18.09,1478.54
43134.95833,13.98,13.84,18.04,1478.11
43135,13.95,13.8,17.99,1477.97
43135.04167,13.77,14.21,18.39,1477.8
43135.08333,13.61,14.85,19.08,1478.04
43135.125,13.61,15.44,19.78,1478.75
43135.16667,13.58,16.05,20.47,1479.37
43135.20833,13.61,16.51,21.03,1480.04
43135.25,13.61,16.89,21.47,1480.48
43135.29167,13.58,17.01,21.59,1480.52
43135.33333,13.52,16.33,20.77,1479.49
43135.375,13.68,15.98,20.43,1479.6
43135.41667,13.95,15.42,19.91,1479.9
43135.45833,14.08,15.06,19.54,1479.9
43135.5,14.23,15.68,20.36,1481.17
43135.54167,13.95,16.53,21.23,1481.23
43135.58333,13.89,17.12,21.88,1481.72
43135.625,13.95,17.54,22.4,1482.44
43135.66667,14.14,17.96,23,1483.58
43135.70833,14.17,18.4,23.53,1484.21
43135.75,14.26,18.7,23.93,1484.88
43135.79167,14.26,19.02,24.3,1485.26
43135.83333,14.45,19.15,24.56,1486.04
43135.875,14.51,19.12,24.56,1486.21
43135.91667,14.6,19.03,24.51,1486.41
43135.95833,14.91,18.7,24.29,1487.04
43136,14.91,18.26,23.77,1486.52
43136.04167,14.63,18.01,23.33,1485.31
43136.08333,14.48,17.96,23.18,1484.73
43136.125,14.51,17.91,23.14,1484.77
43136.16667,14.48,17.96,23.18,1484.73
43136.20833,14.48,17.96,23.18,1484.73
43136.25,14.57,18,23.28,1485.09
43136.29167,14.57,17.84,23.09,1484.89
43136.33333,14.45,17.39,22.49,1483.94
43136.375,14.23,16.86,21.75,1482.58
43136.41667,14.51,16.46,21.42,1483.04
43136.45833,15.36,16.23,21.57,1485.64
43136.5,15.55,15.99,21.37,1485.96
43136.54167,15.79,15.92,21.4,1486.68
43136.58333,15.91,16.14,21.73,1487.34
43136.625,15.97,16.86,22.65,1488.38
43136.66667,16.09,17.34,23.31,1489.35
43136.70833,16.33,17.72,23.91,1490.58
43136.75,16.48,17.99,24.32,1491.38
43136.79167,16.55,18.14,24.53,1491.74
43136.83333,17.03,18.14,24.8,1493.27
43136.875,17.06,17.78,24.37,1492.94
43136.91667,16.82,17.51,23.9,1491.87
43136.95833,16.48,17.21,23.35,1490.46
43137,16.39,17.05,23.11,1489.99
43137.04167,15.82,17.35,23.17,1488.46
43137.08333,15.97,17.36,23.26,1488.97
43137.125,15.58,17.58,23.32,1487.94
43137.16667,14.97,17.98,23.47,1486.39
43137.20833,15,18.39,23.97,1486.98
43137.25,15.03,18.73,24.39,1487.49
43137.29167,15.06,19.03,24.77,1487.95
43137.33333,15.06,19.22,25,1488.17
43137.375,15.06,19.27,25.05,1488.23
43137.41667,15.03,19.09,24.83,1487.92
43137.45833,15.46,18.88,24.82,1489.08
43137.5,15.64,18.98,25.04,1489.79
43137.54167,15.91,19.27,25.56,1491.03
43137.58333,16.3,19.37,25.91,1492.41
43137.625,16.48,19.48,26.15,1493.12
43137.66667,16.52,19.62,26.33,1493.37
43137.70833,16.42,19.81,26.52,1493.32
43137.75,16.48,19.99,26.77,1493.72
43137.79167,16.48,20.1,26.9,1493.84
43137.83333,16.55,20.23,27.09,1494.18
43137.875,17.18,20.33,27.61,1496.3
43137.91667,17.15,20.13,27.35,1495.97
43137.95833,17.36,19.87,27.15,1496.32
43138,17.33,19.62,26.82,1495.94
43138.04167,16.82,19.47,26.33,1494.15
43138.08333,16.76,19.55,26.39,1494.06
43138.125,16.94,19.56,26.51,1494.64
43138.16667,16.82,19.62,26.51,1494.33
43138.20833,16.58,19.69,26.45,1493.65
43138.25,16.48,19.78,26.52,1493.47
43138.29167,16.3,19.98,26.65,1493.13
43138.33333,16.24,20.17,26.84,1493.15
43138.375,16.39,20.3,27.1,1493.79
43138.41667,16.67,20.43,27.42,1494.81
43138.45833,17.15,20.46,27.75,1496.35
43138.5,17.71,20.44,28.08,1498.1
43138.54167,18.37,20.5,28.57,1500.17
43138.58333,18.01,20.63,28.5,1499.23
43138.625,18.31,20.82,28.93,1500.35
43138.66667,18.31,20.99,29.15,1500.55
43138.70833,18.22,21.22,29.38,1500.54
43138.75,18.07,21.42,29.53,1500.32
43138.79167,18.07,21.54,29.69,1500.46
43138.83333,18.19,21.66,29.91,1500.96
43138.875,18.31,21.72,30.07,1501.39
43138.91667,18.4,21.8,30.22,1501.75
43138.95833,18.87,21.73,30.45,1503.09
43139,19.38,21.46,30.44,1504.27
43139.04167,19.43,21.06,29.97,1503.99
43139.08333,19.35,20.69,29.43,1503.31
43139.125,19.17,20.44,28.99,1502.49
43139.16667,19.08,20.31,28.77,1502.09
43139.20833,18.64,20.31,28.49,1500.75
43139.25,18.67,20.41,28.63,1500.95
43139.29167,18.69,20.34,28.56,1500.96
43139.33333,18.69,20.39,28.63,1501.03
43139.375,18.69,20.45,28.71,1501.09
43139.41667,18.72,20.38,28.63,1501.1
43139.45833,18.69,19.84,27.93,1500.39
43139.5,18.81,19.16,27.12,1499.96
43139.54167,19.08,18.93,26.98,1500.5
43139.58333,19.26,18.65,26.72,1500.71
43139.625,19.05,18.22,26.04,1499.6
43139.66667,19.14,17.9,25.68,1499.51
43139.70833,19.08,17.49,25.1,1498.85
43139.75,18.81,17.52,24.99,1498.08
43139.79167,18.55,17.94,25.4,1497.76
43139.83333,18.31,18.41,25.87,1497.58
43139.875,18.34,18.69,26.24,1497.99
43139.91667,18.43,18.55,26.11,1498.1
43139.95833,18.22,18.36,25.76,1497.25
43140,18.31,18.05,25.4,1497.16
43140.04167,17.83,17.77,24.79,1495.38
43140.08333,17.27,17.47,24.1,1493.25
43140.125,16.45,17.55,23.75,1490.76
43140.16667,16.85,17.83,24.32,1492.34
43140.20833,17.27,18.16,24.96,1494.05
43140.25,17.48,17.89,24.74,1494.39
43140.29167,17.36,17.64,24.36,1493.73
43140.33333,17.06,18.17,24.86,1493.4
43140.375,17.06,18.76,25.6,1494.1
43140.41667,17.21,18.93,25.89,1494.76
43140.45833,17.39,19.04,26.13,1495.45
43140.5,17.5,19.13,26.31,1495.93
43140.54167,17.68,19.19,26.5,1496.56
43140.58333,19.08,19.08,27.18,1500.68
43140.625,19.79,18.9,27.37,1502.57
43140.66667,19.4,18.58,26.72,1501.08
43140.70833,19.38,18.4,26.47,1500.78
43140.75,19.14,18.37,26.29,1500.04
43140.79167,20.02,17.48,25.61,1501.64
43140.83333,19.58,17.49,25.38,1500.35
43140.875,19.38,17.71,25.56,1499.99
43140.91667,19.43,17.64,25.5,1500.09
43140.95833,19.32,17.87,25.74,1500
43141,19.23,17.73,25.5,1499.57
43141.04167,19.46,17.72,25.62,1500.26
43141.08333,19.55,16.87,24.54,1499.56
43141.125,19.46,17.03,24.71,1499.48
43141.16667,19.32,16.84,24.38,1498.83
43141.20833,18.87,18.07,25.75,1498.89
43141.25,19.26,17.81,25.62,1499.75
43141.29167,19.08,17.98,25.74,1499.41
43141.33333,18.34,19.23,26.93,1498.61
43141.375,17.86,20.53,28.29,1498.66
43141.41667,18.19,21.17,29.3,1500.4
43141.45833,18.37,21.63,29.99,1501.46
43141.5,18.96,21.68,30.45,1503.3
43141.54167,19.55,21.43,30.52,1504.76
43141.58333,19.99,21.26,30.59,1505.85
43141.625,20.44,21.22,30.82,1507.08
43141.66667,20.96,20.95,30.81,1508.27
43141.70833,20.46,21.14,30.74,1507.07
43141.75,20.11,21.14,30.51,1506.05
43141.79167,19.99,21.45,30.83,1506.06
43141.83333,20.35,21.9,31.66,1507.59
43141.875,20.2,22.17,31.92,1507.48
43141.91667,19.82,22.58,32.19,1506.84
43141.95833,19.82,22.72,32.36,1507
43142,19.91,22.81,32.54,1507.35
43142.04167,19.91,22.67,32.36,1507.2
43142.08333,20.08,22.11,31.75,1507.07
43142.125,20.26,21.69,31.32,1507.1
43142.16667,20.67,20.68,30.26,1507.13
43142.20833,20.55,19.93,29.18,1505.95
43142.25,20.64,20.87,30.5,1507.27
43142.29167,20.11,21.77,31.33,1506.77
43142.33333,20.23,21.39,30.91,1506.68
43142.375,20.05,21.86,31.41,1506.7
43142.41667,20.23,22.7,32.62,1508.16
43142.45833,20.14,23.24,33.26,1508.52
43142.5,20.14,23.89,34.1,1509.25
43142.54167,20.38,24.27,34.77,1510.36
43142.58333,21.05,24.26,35.25,1512.24
43142.625,21.84,23.81,35.24,1513.91
43142.66667,22.25,23.51,35.13,1514.68
43142.70833,22.28,23.56,35.23,1514.83
43142.75,22.51,23.29,35.02,1515.15
43142.79167,22.37,23.52,35.22,1515.01
43142.83333,21.64,23.92,35.24,1513.48
43142.875,21.26,24.07,35.15,1512.59
43142.91667,21.34,24.02,35.15,1512.78
43142.95833,20.79,24.26,35.06,1511.51
43143,20.38,24.66,35.27,1510.8
43143.04167,20.44,24.62,35.27,1510.92
43143.08333,20.88,24.44,35.36,1511.95
43143.125,21.34,24.02,35.15,1512.78
43143.16667,21.49,23.63,34.75,1512.75
43143.20833,21.61,23.06,34.07,1512.43
43143.25,21.61,22.43,33.22,1511.73
43143.29167,21.78,21.48,32.06,1511.15
43143.33333,21.34,22.3,32.86,1510.85
43143.375,21.46,22.37,33.04,1511.26
43143.41667,21.4,22.54,33.23,1511.29
43143.45833,21.4,22.82,33.6,1511.6
43143.5,21.46,23.14,34.07,1512.12
43143.54167,21.37,23.33,34.26,1512.09
43143.58333,21.34,23.42,34.36,1512.11
43143.625,21.2,23.43,34.27,1511.72
43143.66667,21.67,23.1,34.16,1512.64
43143.70833,22.02,22.35,33.4,1512.76
43143.75,22.07,21.92,32.85,1512.44
43143.79167,21.14,22.61,33.14,1510.64
43143.83333,21.14,23.1,33.79,1511.19
43143.875,21.46,23,33.88,1511.96
43143.91667,21.4,23.03,33.88,1511.84
43143.95833,21.26,23.11,33.88,1511.52
43144,21.26,23.18,33.98,1511.6
43144.04167,21.2,23.29,34.08,1511.55
43144.08333,21.14,23.32,34.08,1511.43
43144.125,21.2,23,33.7,1511.23
43144.16667,21.26,21.94,32.33,1510.21
43144.20833,21.17,21.53,31.73,1509.51
43144.25,21.02,21.23,31.22,1508.75
43144.29167,20.64,20.87,30.5,1507.27
43144.33333,20.49,20.82,30.34,1506.8
43144.375,20.99,21.63,31.73,1509.11
43144.41667,21.2,21.2,31.3,1509.22
43144.45833,21.02,22.13,32.42,1509.77
43144.5,20.85,22.7,33.06,1509.92
43144.54167,20.76,23.03,33.43,1510.04
43144.58333,20.88,23.11,33.61,1510.45
43144.625,21.37,22.9,33.69,1511.61
43144.66667,21.61,22.92,33.88,1512.28
43144.70833,21.93,22.67,33.78,1512.89
43144.75,21.72,22.71,33.69,1512.37
43144.79167,20.93,22.66,33.06,1510.11
43144.83333,21.17,22.53,33.05,1510.62
43144.875,21.29,21.93,32.33,1510.28
43144.91667,21.02,22.07,32.34,1509.69
43144.95833,20.79,22.46,32.7,1509.48
43145,20.49,22.83,32.97,1509.06
43145.04167,20.38,23.03,33.16,1508.96
43145.08333,20.41,23.09,33.25,1509.1
43145.125,20.02,22.95,32.8,1507.85
43145.16667,19.61,22.77,32.28,1506.45
43145.20833,18.87,22.5,31.44,1503.98
43145.25,18.84,22.59,31.52,1503.99
43145.29167,18.22,22.61,31.12,1502.14
43145.33333,18.07,22.62,31.04,1501.71
43145.375,19.2,22.52,31.68,1504.97
43145.41667,18.99,22.05,30.93,1503.81
43145.45833,19.4,21.7,30.76,1504.63
43145.5,19.85,21.84,31.25,1506.09
43145.54167,20.08,21.98,31.58,1506.92
43145.58333,20.11,21.9,31.49,1506.91
43145.625,20.32,21.92,31.66,1507.53
43145.66667,21.14,21.87,32.16,1509.8
43145.70833,21.81,21.72,32.41,1511.5
43145.75,21.87,21.5,32.14,1511.41
43145.79167,21.64,21.23,31.63,1510.47
43145.83333,21.43,21.09,31.3,1509.74
43145.875,21.02,20.86,30.73,1508.34
43145.91667,20.96,20.77,30.57,1508.07
43145.95833,20.7,20.19,29.63,1506.67
43146,20.79,20.27,29.78,1507
43146.04167,20.9,20.38,30.02,1507.47
43146.08333,20.9,20.62,30.33,1507.73
43146.125,20.88,20.57,30.25,1507.6
43146.16667,20.76,20,29.4,1506.61
43146.20833,20.26,19.36,28.25,1504.46
43146.25,20.14,18.79,27.43,1503.48
43146.29167,19.96,18.38,26.77,1502.49
43146.33333,19.64,18,26.09,1501.11
43146.375,20.05,18.01,26.33,1502.33
43146.41667,20.46,18.35,27.02,1503.91
43146.45833,20.76,18.41,27.28,1504.83
43146.5,21.02,20.1,29.7,1507.48
43146.54167,21.23,20.28,30.09,1508.27
43146.58333,21.23,21,31.05,1509.07
43146.625,21.31,21.21,31.38,1509.55
43146.66667,21.43,21.27,31.55,1509.95
43146.70833,22.25,21.24,32.05,1512.17
43146.75,22.63,20.93,31.87,1512.85
43146.79167,22.4,20.55,31.2,1511.8
43146.83333,22.28,20.19,30.62,1511.08
43146.875,22.42,19.89,30.3,1511.14
43146.91667,21.93,20.06,30.23,1509.98
43146.95833,21.69,20.06,30.08,1509.32
43147,21.72,20.1,30.16,1509.45
43147.04167,21.31,18.98,28.37,1507.05
43147.08333,21.4,18.58,27.88,1506.85
43147.125,21.34,18.86,28.23,1507
43147.16667,21.31,18.92,28.3,1506.99
43147.20833,21.14,18.39,27.47,1505.9
43147.25,21.17,18.09,27.08,1505.64
43147.29167,21.17,17.95,26.88,1505.48
43147.33333,21.02,17.92,26.76,1505.02
43147.375,21.05,17.86,26.69,1505.04
43147.41667,21.34,18.01,27.07,1506.05
43147.45833,21.37,18.1,27.2,1506.23
43147.5,21.29,18.23,27.34,1506.13
43147.54167,21.43,18.56,27.88,1506.91
43147.58333,21.46,19.07,28.58,1507.56
43147.625,21.75,19.53,29.38,1508.89
43147.66667,22.05,19.67,29.76,1509.86
43147.70833,22.19,19.66,29.84,1510.25
43147.75,22.37,19.3,29.45,1510.33
43147.79167,22.19,18.84,28.71,1509.34
43147.83333,22.1,18.52,28.21,1508.74
43147.875,22.51,18.3,28.14,1509.61
43147.91667,21.93,18.15,27.6,1507.84
43147.95833,21.67,18.21,27.53,1507.18
43148,21.72,18.29,27.67,1507.42
43148.04167,21.64,18.57,28.01,1507.5
43148.08333,21.58,18.96,28.51,1507.77
43148.125,21.58,19.23,28.87,1508.06
43148.16667,21.58,19.5,29.24,1508.37
43148.20833,21.26,19.54,29.1,1507.51
43148.25,21.11,19.33,28.73,1506.87
43148.29167,21.17,19.2,28.59,1506.88
43148.33333,21.05,19.04,28.3,1506.38
43148.375,21.14,18.9,28.16,1506.46
43148.41667,21.4,18.78,28.16,1507.07
43148.45833,21.49,18.59,27.95,1507.11
43148.5,21.75,18.57,28.08,1507.83
43148.54167,22.1,18.73,28.5,1508.97
43148.58333,22.22,18.57,28.35,1509.12
43148.625,22.13,18.66,28.43,1508.98
43148.66667,21.99,18.83,28.57,1508.76
43148.70833,22.54,18.74,28.78,1510.19
43148.75,22.8,18.68,28.85,1510.83
43148.79167,22.6,18.51,28.49,1510.09
43148.83333,22.45,18.37,28.21,1509.54
43148.875,22.42,18.23,28,1509.3
43148.91667,22.75,18.05,27.92,1509.97
43148.95833,22.25,17.92,27.46,1508.47
43149,22.02,17.97,27.39,1507.88
43149.04167,21.96,18.14,27.6,1507.91
43149.08333,21.72,18.29,27.67,1507.42
43149.125,21.61,18.49,27.87,1507.32
43149.16667,21.61,18.74,28.22,1507.6
43149.20833,21.61,19.43,29.16,1508.37
43149.25,21.2,19.29,28.73,1507.07
43149.29167,21.08,19.08,28.37,1506.5
43149.33333,20.96,18.82,27.95,1505.88
43149.375,21.08,18.62,27.75,1505.98
43149.41667,21.84,18.49,28.01,1507.97
43149.45833,21.9,18.26,27.73,1507.88
43149.5,22.28,18.05,27.66,1508.7
43149.54167,22.31,18.04,27.66,1508.76
43149.58333,23.18,18.31,28.55,1511.45
43149.625,24.41,17.71,28.39,1514.02
43149.66667,24.03,16.75,26.77,1511.98
43149.70833,23.56,16.24,25.79,1510.18
43149.75,24.06,16.35,26.21,1511.62
43149.79167,24.26,16.36,26.33,1512.16
43149.83333,23.77,16.29,25.97,1510.78
43149.875,23.27,16.27,25.67,1509.43
43149.91667,23.27,16.18,25.56,1509.34
43149.95833,23.91,16.07,25.72,1510.93
43150,23.59,14.66,23.5,1508.52
43150.04167,22.25,16.24,25.11,1506.61
43150.08333,22.6,16.56,25.74,1507.93
43150.125,22.54,16.8,26.05,1508.03
43150.16667,22.48,16.99,26.29,1508.09
43150.20833,22.42,17.24,26.61,1508.2
43150.25,22.28,17.48,26.86,1508.07
43150.29167,22.13,17.5,26.8,1507.68
43150.33333,21.78,17.28,26.3,1506.46
43150.375,21.67,16.93,25.76,1505.74
43150.41667,22.16,16.61,25.57,1506.77
43150.45833,22.6,16.73,25.98,1508.12
43150.5,22.77,16.75,26.1,1508.62
43150.54167,22.95,17.08,26.66,1509.45
43150.58333,23.15,17.54,27.44,1510.52
43150.625,23.3,18.01,28.19,1511.43
43150.66667,23.62,18.43,28.98,1512.75
43150.70833,23.53,18.79,29.43,1512.9
43150.75,23.44,18.98,29.66,1512.89
43150.79167,23.94,19.26,30.35,1514.5
43150.83333,23.91,19.38,30.52,1514.56
43150.875,23.65,19.33,30.28,1513.81
43150.91667,23.5,19.18,29.97,1513.25
43150.95833,23.79,18.99,29.89,1513.82
43151,23.5,18.9,29.58,1512.96
43151.04167,23.44,18.82,29.43,1512.71
43151.08333,23.18,18.88,29.36,1512.08
43151.125,22.89,18.96,29.29,1511.38
43151.16667,22.75,19.18,29.52,1511.23
43151.20833,22.77,19.45,29.9,1511.6
43151.25,22.77,19.73,30.29,1511.91
43151.29167,22.54,19.95,30.46,1511.53
43151.33333,22.4,20.02,30.46,1511.21
43151.375,22.34,19.93,30.3,1510.95
43151.41667,22.66,19.78,30.3,1511.66
43151.45833,23.01,19.56,30.21,1512.36
43151.5,23.15,19.55,30.29,1512.74
43151.54167,23.71,19.65,30.76,1514.31
43151.58333,23.79,19.84,31.09,1514.75
43151.625,23.88,20.09,31.51,1515.26
43151.66667,23.77,20.39,31.85,1515.27
43151.70833,23.79,20.8,32.46,1515.81
43151.75,23.82,21.11,32.91,1516.22
43151.79167,24.06,21.45,33.55,1517.2
43151.83333,24.55,21.54,34.01,1518.57
43151.875,24.38,21.62,34.01,1518.21
43151.91667,24.09,21.63,33.83,1517.47
43151.95833,24.03,21.53,33.64,1517.21
43152,23.88,21.4,33.36,1516.69
43152.04167,24.14,21.34,33.45,1517.3
43152.08333,23.82,21.3,33.18,1516.43
43152.125,23.74,21.34,33.18,1516.25
43152.16667,23.47,21.47,33.19,1515.7
43152.20833,23.33,21.61,33.28,1515.47
43152.25,23.33,21.81,33.56,1515.69
43152.29167,23.36,22,33.84,1515.97
43152.33333,23.24,22.12,33.94,1515.8
43152.375,23.24,22.19,34.03,1515.88
43152.41667,23.5,22.13,34.12,1516.5
43152.45833,23.88,22.07,34.31,1517.43
43152.5,23.91,21.92,34.12,1517.34
43152.54167,24.17,22,34.4,1518.09
43152.58333,24.46,22.06,34.69,1518.91
43152.625,24.73,22.06,34.88,1519.58
43152.66667,24.87,22.13,35.08,1520.02
43152.70833,25.13,22.07,35.18,1520.62
43152.75,25.05,22.11,35.18,1520.44
43152.79167,24.93,22.24,35.28,1520.29
43152.83333,25.13,22.21,35.38,1520.77
43152.875,25.13,22.14,35.28,1520.69
43152.91667,24.84,22.36,35.38,1520.19
43152.95833,24.7,22.5,35.49,1519.98
43153,24.75,22.4,35.38,1520.02
43153.04167,24.38,22.45,35.19,1519.11
43153.08333,24.58,22.35,35.18,1519.52
43153.125,24.43,22.35,35.09,1519.15
43153.16667,24.26,22.44,35.09,1518.8
43153.20833,24.23,22.31,34.89,1518.59
43153.25,24.11,22.44,34.99,1518.43
43153.29167,23.97,22.52,34.99,1518.14
43153.33333,23.91,22.55,35,1518.02
43153.375,23.33,22.85,35.01,1516.83
43153.41667,23.24,22.97,35.11,1516.73
43153.45833,24.03,22.63,35.19,1518.41
43153.54167,24.81,24.01,37.71,1521.91
43153.58333,24.96,23.54,37.16,1521.77
43153.625,25.19,23.73,37.6,1522.55
43153.66667,25.54,24.03,38.29,1523.74
43153.70833,25.69,24.03,38.4,1524.1
43153.75,25.66,23.64,37.81,1523.61
43153.79167,25.37,23.56,37.48,1522.8
43153.83333,25.37,23.95,38.04,1523.22
43153.875,25.39,23.54,37.48,1522.86
43153.91667,24.96,23.32,36.84,1521.53
43153.95833,24.61,23.42,36.74,1520.77
43154,24.26,23.16,36.11,1519.59
43154.04167,23.85,23.08,35.7,1518.45
43154.08333,23.53,23.47,36.02,1518.05
43154.125,24.26,23.31,36.32,1519.75
43154.16667,24.32,23.28,36.32,1519.87
43154.20833,24.23,23.4,36.42,1519.78
43154.25,24,23.83,36.85,1519.65
43154.29167,23.88,24.05,37.07,1519.59
43154.33333,23.74,24.36,37.4,1519.56
43154.375,23.65,24.49,37.51,1519.47
43154.41667,23.71,24.38,37.4,1519.5
43154.45833,23.82,24.08,37.07,1519.47
43154.5,24.11,23.46,36.43,1519.55
43154.54167,24.58,23.44,36.74,1520.71
43154.58333,24.93,23.56,37.16,1521.72
43154.625,25.16,23.51,37.27,1522.25
43154.66667,25.34,23.5,37.37,1522.67
43154.70833,25.57,23.45,37.48,1523.19
43154.75,25.8,23.56,37.81,1523.88
43154.79167,25.34,23.42,37.27,1522.58
43154.83333,25.05,23.35,36.94,1521.78
43154.875,25.28,23.38,37.16,1522.39
43154.91667,25.25,23.09,36.73,1522.01
43154.95833,24.96,23.02,36.41,1521.2
43155,24.73,22.99,36.21,1520.59
43155.04167,24.52,22.8,35.79,1519.87
43155.08333,24.03,22.7,35.29,1518.49
43155.125,24.09,22.39,34.89,1518.3
43155.16667,23.71,23.23,35.81,1518.24
43155.20833,24.2,23.04,35.9,1519.31
43155.25,24.14,22.78,35.49,1518.88
43155.29167,24.09,22.96,35.7,1518.92
43155.33333,23.94,23.33,36.11,1518.95
43155.375,23.88,23.44,36.22,1518.92
43155.41667,23.82,23.77,36.64,1519.13
43155.45833,24.11,23.54,36.53,1519.63
43155.5,24.43,23.37,36.53,1520.26
43155.54167,24.78,23.04,36.31,1520.78
43155.58333,25.13,22.93,36.41,1521.54
43155.625,25.48,22.82,36.51,1522.3
43155.66667,25.77,22.9,36.83,1523.1
43155.70833,25.8,22.81,36.72,1523.07
43155.75,25.77,22.82,36.72,1523.02
43155.79167,25.25,23.02,36.62,1521.93
43155.83333,25.07,23.11,36.62,1521.59
43155.875,24.99,23.08,36.52,1521.34
43155.91667,24.9,23.12,36.52,1521.17
43155.95833,24.84,23.53,37.06,1521.47
43156,24.75,23.58,37.06,1521.3
43156.04167,24.9,22.61,35.79,1520.62
43156.08333,24.67,23.17,36.42,1520.64
43156.125,24.49,23.11,36.21,1520.13
43156.16667,24.29,22.78,35.59,1519.25
43156.20833,24.14,23.07,35.9,1519.2
43156.25,24.29,23.37,36.42,1519.89
43156.29167,24.35,23.04,36,1519.68
43156.33333,24.17,23.43,36.43,1519.66
43156.375,24.26,23.76,36.96,1520.25
43156.41667,24.38,23.7,36.95,1520.48
43156.45833,24.41,23.61,36.85,1520.45
43156.5,24.73,23.44,36.84,1521.08
43156.54167,25.13,23.38,37.05,1522.03
43156.58333,25.6,24.64,39.21,1524.54
43156.625,25.83,24.43,39.09,1524.89
43156.66667,26.01,24.18,38.86,1525.04
43156.70833,25.95,24.21,38.86,1524.93
43156.75,26.03,24.33,39.09,1525.27
43156.79167,25.8,24.21,38.75,1524.58
43156.83333,25.57,24.09,38.4,1523.88
43156.875,25.54,24.03,38.29,1523.74
43156.91667,25.45,23.99,38.18,1523.49
43156.95833,25.37,23.95,38.04,1523.22
43157,25.22,24.02,38.04,1522.95
43157.04167,25.1,23.77,37.6,1522.39
43157.08333,24.99,23.84,37.6,1522.16
43157.125,24.7,23.99,37.6,1521.6
43157.16667,24.43,23.98,37.39,1520.93
43157.20833,24.2,23.64,36.74,1519.97
43157.25,24.14,23.3,36.22,1519.44
43157.29167,24.17,23.66,36.74,1519.91
43157.33333,24.29,23.6,36.74,1520.14
43157.375,24.26,23.53,36.64,1520
43157.41667,24.52,23.62,36.95,1520.76
43157.45833,24.75,23.42,36.84,1521.13
43157.5,24.93,23.56,37.16,1521.72
43157.54167,25.13,23.6,37.38,1522.28
43157.58333,25.45,23.51,37.48,1522.97
43157.625,25.69,23.39,37.48,1523.41
43157.66667,25.83,23.39,37.59,1523.77
43157.70833,25.69,23.17,37.15,1523.17
43157.75,25.57,23.15,37.05,1522.87
43157.79167,25.63,23.9,38.18,1523.82
43157.83333,25.45,23.82,37.93,1523.3
43157.875,25.31,23.74,37.71,1522.86
43157.91667,25.16,23.67,37.49,1522.41
43157.95833,24.96,23.54,37.16,1521.77
43158,24.93,23.48,37.05,1521.64
43158.04167,24.81,23.39,36.84,1521.25
43158.08333,24.52,23.02,36.1,1520.11
43158.125,23.82,23.17,35.81,1518.48
43158.16667,23.33,23.44,35.82,1517.48
43158.20833,22.48,23.98,35.94,1515.84
43158.25,21.2,24.41,35.55,1512.81
43158.29167,20.2,24.53,34.97,1510.15
43158.33333,20.05,24.78,35.18,1510.01
43158.375,22.4,23.95,35.83,1515.57
43158.41667,22.13,23.57,35.13,1514.44
43158.45833,22.98,23.4,35.52,1516.52
43158.5,23.44,23.52,36.02,1517.88
43158.54167,23.62,23.35,35.91,1518.15
43158.58333,23.85,23.23,35.91,1518.62
43158.625,24.06,23.05,35.8,1518.94
43158.66667,24.58,22.63,35.59,1519.83
43158.70833,24.9,22.33,35.38,1520.31
43158.75,24.84,22.5,35.58,1520.35
43158.79167,24.46,22.48,35.29,1519.36
43158.83333,24.03,22.63,35.19,1518.41
43158.875,23.88,22.99,35.6,1518.43
43158.91667,23.5,23.19,35.61,1517.67
43158.95833,23.15,23.31,35.51,1516.88
43159,22.98,23.55,35.72,1516.68
43159.04167,22.92,23.29,35.31,1516.24
43159.08333,22.4,23.35,35.02,1514.91
43159.125,21.49,22.98,33.88,1512.02
43159.16667,21.26,22.83,33.51,1511.2
43159.20833,21.23,22.84,33.51,1511.14
43159.25,20.58,22.92,33.15,1509.41
43159.29167,19.88,22.89,32.63,1507.37
43159.33333,20.41,22.46,32.44,1508.4
43159.375,21.14,22.48,32.96,1510.48
43159.41667,21.31,22.45,33.05,1510.94
43159.45833,21.93,22.53,33.59,1512.73
43159.5,22.34,22.88,34.34,1514.22
43159.54167,22.42,22.97,34.53,1514.57
43159.58333,22.75,22.94,34.72,1515.39
43159.625,23.27,22.88,35.01,1516.71
43159.66667,23.5,22.69,34.9,1517.11
43159.70833,23.88,22.56,35,1517.96
43159.75,23.68,22.38,34.6,1517.24
43159.79167,23.47,22.14,34.12,1516.44
43159.83333,23.21,22,33.75,1515.59
43159.875,23.3,22.16,34.03,1516
43159.91667,23.39,22.46,34.51,1516.56
43159.95833,23.33,22.71,34.81,1516.68
43160,23.1,22.9,34.91,1516.28
43160.04167,23.01,23.02,35.01,1516.18
43160.08333,22.95,23.12,35.11,1516.14
43160.125,22.89,22.94,34.82,1515.78
43160.16667,22.75,22.87,34.62,1515.31
43160.20833,22.57,22.68,34.24,1514.63
43160.25,22.54,22.49,33.95,1514.34
43160.29167,22.34,22.32,33.58,1513.6
43160.33333,22.19,22.12,33.21,1512.99
43160.375,22.37,21.7,32.75,1512.99
43160.41667,22.57,21.53,32.66,1513.36
43160.45833,22.89,21.9,33.38,1514.62
43160.5,23.15,21.97,33.66,1515.4
43160.54167,23.36,22.07,33.94,1516.05
43160.58333,23.53,22.11,34.12,1516.56
43160.625,23.74,22.15,34.31,1517.13
43160.66667,24.17,22.06,34.5,1518.17
43160.70833,24.41,21.88,34.4,1518.57
43160.75,24.35,21.84,34.3,1518.37
43160.79167,24.2,21.71,34.02,1517.86
43160.83333,24.29,21.6,33.92,1517.96
43160.875,24.26,21.42,33.64,1517.68
43160.91667,23.79,21.38,33.27,1516.44
43160.95833,23.5,21.39,33.09,1515.69
43161,23.59,21.48,33.28,1516.02
43161.04167,23.53,21.38,33.09,1515.75
43161.08333,23.42,21.44,33.1,1515.51
43161.125,23.33,21.41,33.01,1515.25
43161.16667,23.04,21.43,32.83,1514.49
43161.20833,22.57,21.47,32.57,1513.29
43161.25,22.05,21.41,32.14,1511.79
43161.29167,21.34,21.19,31.38,1509.61
43161.33333,20.49,20.94,30.5,1506.93
43161.375,20.29,20.93,30.34,1506.32
43161.41667,20.49,20.88,30.42,1506.86
